kandidatur_id;bundesland_id;listenplatz
3001;8;23
4172;5;19
5296;9;3
431;3;3
1099;5;24
3302;8;9
5209;9;1
3086;8;3
1289;5;2
4165;5;3
4144;5;3
4439;6;1
2932;8;7
1958;6;21
3327;10;1
5262;9;2
163;13;6
45;1;1
5866;13;2
6066;15;2
207;2;4
5635;11;68
4458;6;2
3351;10;10
512;3;3
4488;6;15
2748;9;17
2664;9;38
1107;5;24
891;11;1
6126;16;12
2609;9;11
3577;2;6
3901;4;5
2454;9;12
1610;5;18
2711;9;8
167;13;2
1861;6;5
1258;5;32
2806;9;1
2623;9;26
5621;11;13
1914;6;25
5167;9;28
128;13;7
3679;3;64
322;3;2
393;3;26
3444;2;1
5792;12;2
4171;5;9
4478;6;2
1293;5;35
4437;6;20
4647;7;11
2184;7;17
56;1;8
767;15;7
481;3;14
5545;10;3
47;1;2
1155;5;50
3762;3;5
391;3;1
1264;5;23
222;2;3
2127;7;3
5668;11;3
4473;6;12
5754;12;30
5944;14;20
2561;9;2
2054;16;1
5554;10;4
409;3;17
4440;6;2
857;11;8
2959;8;9
1720;14;8
4628;7;3
3579;2;5
3035;8;6
6041;15;10
2702;9;22
1326;5;55
5227;9;7
3020;8;1
1426;5;7
3764;3;7
89;1;6
2000;6;3
787;15;2
2072;16;3
4178;5;27
779;15;3
2130;7;4
1542;5;56
4894;8;7
1377;5;10
2364;9;4
5942;14;2
1990;6;4
1701;14;5
262;3;7
1392;5;29
1978;6;2
4126;5;2
1591;5;14
3039;8;5
616;12;4
1417;5;7
12;1;5
4366;6;24
3799;3;5
1988;6;18
2837;9;3
3524;2;5
3541;2;5
2126;7;13
4790;8;21
1817;6;16
2669;9;8
2753;9;10
1194;5;6
4925;8;6
2486;9;2
4813;8;46
1529;9;25
1280;5;8
918;11;2
2911;8;11
4852;8;28
1050;5;7
5630;11;14
1414;9;15
1333;9;7
294;3;1
2811;9;39
3127;8;1
3000;8;8
3778;5;10
3542;2;3
2008;6;33
2123;16;3
4442;6;15
3802;3;10
1584;5;15
3258;8;16
3107;8;12
3293;8;31
1095;5;20
2118;16;3
5914;14;15
2778;9;1
1438;5;36
417;3;24
3663;3;50
741;15;4
6032;15;1
4309;6;30
1311;5;1
601;12;5
5156;9;7
2863;9;3
5693;11;11
1996;6;19
6168;16;4
5093;9;56
5381;9;6
5655;11;2
5653;11;4
5774;12;7
5494;10;18
5148;9;45
1212;5;7
1026;5;17
432;3;5
3900;4;10
6157;16;8
2715;9;21
6074;15;5
4866;3;8
5157;9;16
3360;1;13
180;13;2
157;13;2
1665;14;6
1353;13;1
2931;8;10
2335;9;17
2629;9;47
812;11;2
1365;5;64
3986;5;81
3545;2;15
3270;8;8
1395;5;20
5549;10;4
3580;2;8
3378;1;19
1851;6;5
2281;7;9
3568;2;2
2615;9;2
4606;7;32
4693;7;4
5553;10;3
4883;8;22
2415;9;2
4304;6;31
2088;16;1
1048;5;40
2892;8;6
1223;5;4
2452;9;44
1827;6;21
192;2;4
1156;5;4
5094;9;43
5194;9;46
356;3;2
376;11;6
2037;16;1
2550;9;8
1750;14;2
312;3;21
653;12;5
823;11;1
539;3;9
4956;8;8
4446;6;8
2622;9;10
87;1;1
4707;7;13
2427;9;37
3631;3;33
242;2;8
369;3;1
4127;5;3
3696;3;20
6129;16;4
1901;6;1
1134;5;22
859;5;7
1756;14;4
1072;5;15
6067;15;4
1948;6;1
5950;14;7
4692;7;11
1314;5;13
1049;5;2
1304;5;57
2308;9;30
1919;6;7
2136;7;5
849;11;4
5190;9;21
5176;9;49
2703;9;18
1761;14;9
1119;5;4
6156;16;1
22;1;7
1497;5;17
1582;5;3
1470;5;8
5134;9;62
1014;5;11
1726;14;1
330;3;7
4122;5;14
2966;8;7
4485;6;16
2705;9;3
5252;9;8
3331;10;8
5664;11;1
1691;14;8
2055;16;9
2048;16;4
2293;7;6
2170;7;4
802;11;3
2234;7;1
4603;7;36
2164;7;9
6178;16;6
1129;5;7
1891;6;6
708;15;4
152;13;1
3983;5;83
4787;8;12
2122;16;10
5373;9;4
2903;8;25
4957;8;5
2464;9;17
2039;16;5
3800;3;2
5956;14;7
2098;11;11
3643;3;47
5819;12;7
1870;6;17
1025;5;6
6052;15;2
2342;9;15
4791;8;24
4448;6;4
4658;7;18
705;15;7
1168;5;12
165;13;4
4324;6;29
187;2;4
6046;15;6
1935;6;16
2265;7;8
134;13;2
2988;8;16
1564;5;50
4062;5;14
2095;16;2
660;12;2
5536;10;1
3353;10;2
4435;6;22
2242;7;15
3884;4;4
4472;6;9
3058;8;11
4479;6;6
4870;8;2
5260;9;21
4672;5;26
533;3;6
397;3;5
1317;5;11
4640;7;5
5530;10;2
420;3;4
879;11;10
3793;3;1
1724;14;1
4173;5;15
910;11;3
426;3;7
2741;9;2
1598;5;24
1630;14;9
5742;12;5
350;3;7
422;3;19
4483;6;19
4898;8;3
334;3;27
5380;9;11
4203;5;6
730;15;6
588;12;2
3795;3;4
5911;14;14
5338;9;8
4449;6;6
3906;4;3
6179;16;5
3642;3;41
164;13;2
1890;6;10
2161;7;4
1907;6;15
4631;7;21
4482;6;1
1796;14;5
4591;7;19
352;3;10
760;15;2
1300;5;9
4195;5;1
656;12;4
3619;2;2
4705;7;19
5641;11;4
1363;5;5
5245;9;7
2620;9;2
3557;2;2
3969;5;66
5192;9;50
1295;5;23
3532;2;5
206;2;2
24;1;1
6175;16;2
541;3;6
3245;8;6
527;3;9
5876;13;9
1540;5;8
6072;15;4
5752;12;20
1061;5;3
5849;13;7
5186;9;17
1693;14;3
2572;9;8
657;12;5
1038;5;4
2002;6;5
871;11;6
1844;6;1
753;15;1
1744;14;5
2062;16;2
1343;5;18
4380;6;4
4445;6;3
4119;5;11
4871;8;8
1918;6;7
4664;7;7
5692;11;8
3348;10;5
6167;16;8
6058;15;3
2738;9;14
5376;9;12
2990;8;3
2017;6;3
4205;5;2
4207;5;11
4953;8;1
5582;11;11
287;3;2
1015;5;7
2439;9;7
3341;10;1
4900;8;12
4174;5;25
5515;10;1
3328;10;1
1887;6;10
1806;14;4
1257;5;27
6163;16;5
1722;14;2
5683;11;8
2835;9;20
2030;6;5
1868;6;14
219;2;3
3031;8;18
4179;5;26
342;3;20
5539;10;4
775;15;3
4180;5;21
4727;7;6
5859;13;4
3982;5;69
2328;9;40
2356;9;20
6106;15;6
5089;9;30
323;3;24
6127;16;9
4125;5;1
909;11;4
5385;9;7
1608;5;16
442;3;31
2231;7;6
986;5;25
1824;6;4
3448;1;1
2548;9;3
5358;9;3
1349;5;5
811;11;4
293;3;2
3394;1;11
285;3;5
4802;8;47
71;1;1
520;3;19
974;5;38
672;12;11
3446;1;4
120;13;3
4166;5;4
749;15;4
1928;6;6
2719;9;16
2675;9;11
748;15;6
1763;14;4
1900;6;8
504;3;8
3235;8;7
1764;14;3
4464;6;2
2944;8;8
2218;7;1
4907;8;9
1698;14;4
4302;6;23
1639;14;11
5516;10;2
250;2;3
5696;11;3
1829;6;8
1818;6;4
1980;6;2
982;5;53
6073;15;2
3756;3;3
3316;10;2
5689;11;4
2146;7;14
2937;8;1
2429;9;8
2871;8;2
1269;5;63
449;3;13
1181;5;44
736;15;2
3449;1;6
1917;6;14
498;3;4
2621;9;11
3338;10;3
2506;9;5
2412;9;10
381;3;3
366;3;17
1552;5;24
4399;16;8
1821;6;11
2537;9;9
4954;8;4
3521;2;7
1926;6;7
2384;9;44
778;15;1
390;3;9
144;13;1
5843;13;6
5255;9;10
1148;5;1
1239;5;13
4913;8;8
4136;5;1
1182;5;17
1193;5;21
1545;5;6
33;1;2
281;3;11
5794;12;3
1275;5;7
6023;3;18
5355;9;2
2220;7;1
2799;9;1
1840;6;1
4469;6;3
3206;8;27
2995;8;23
5650;11;3
5382;9;18
548;4;1
254;3;21
5287;9;23
4333;6;22
243;2;2
236;2;2
1985;6;19
5659;11;2
1469;5;15
5647;11;7
5880;13;1
1135;5;43
4609;7;39
522;3;13
4145;5;5
4400;6;2
4621;7;19
6036;15;7
2524;9;4
355;3;6
2583;9;6
1221;5;11
175;13;3
2374;9;9
688;12;5
4710;7;3
5872;13;3
655;12;4
3441;1;5
233;2;2
2071;16;5
5682;11;7
3516;2;5
2822;9;34
4789;8;28
2388;9;13
6108;15;1
562;4;2
2573;9;10
1862;6;9
1871;6;4
4924;8;4
1005;5;17
4908;8;20
3981;5;72
1348;5;5
764;15;5
2086;16;1
3095;8;15
2181;7;1
4310;6;32
3337;10;2
462;3;13
2574;9;7
5951;14;3
296;3;7
3426;1;15
831;11;1
1881;6;3
443;3;17
1962;6;3
160;13;5
1450;5;18
2014;6;7
3974;5;62
1327;5;54
1938;6;10
513;13;2
1448;5;35
2823;9;16
2606;9;13
191;2;1
892;11;6
784;15;8
5941;14;3
1873;6;11
379;3;7
5253;9;9
1012;5;48
2420;9;25
1886;6;9
2782;9;13
2704;9;5
6128;16;5
2605;9;12
1995;6;22
1747;14;1
3368;1;15
5762;12;4
735;15;3
886;11;5
983;5;23
5741;12;3
357;3;8
6165;16;3
2044;16;5
2340;9;19
1961;6;4
2790;9;8
225;1;2
4407;6;4
3284;8;32
320;3;30
3976;5;61
2191;7;10
43;1;9
140;13;5
6147;16;3
2803;9;28
576;12;7
777;15;4
5811;12;2
1299;5;10
1411;5;12
4301;6;24
185;2;6
77;1;4
3511;2;9
3295;8;8
2535;9;13
1999;6;4
2450;9;3
42;1;6
3985;5;77
3774;3;8
3995;5;82
3397;1;7
5387;9;3
2585;9;50
898;11;74
2104;16;4
642;12;1
272;3;25
310;3;1
6061;15;4
1581;5;49
40;1;3
2849;9;7
5688;11;7
2083;16;2
2090;15;1
1291;5;25
1125;5;16
276;3;21
1346;5;48
2690;9;19
5299;9;19
2946;8;25
5685;11;10
542;3;2
6159;16;2
3709;3;7
3347;10;4
2117;16;2
2270;7;1
2455;9;18
2976;8;38
5695;11;1
4338;6;28
1467;5;18
5159;9;24
1611;5;5
1766;14;4
2092;16;3
1396;5;7
112;1;1
394;3;14
1364;5;21
1281;5;62
2742;9;18
2010;6;1
234;2;3
2064;16;15
215;2;1
4314;6;44
4920;8;11
3552;2;2
686;12;7
3574;2;5
2344;9;5
1006;5;31
3971;5;34
519;3;55
3219;8;16
2128;7;2
5360;9;1
1647;14;2
6037;15;5
680;12;3
195;2;1
360;3;17
4322;6;43
1534;6;1
1237;5;19
3192;8;15
6068;15;3
3429;1;9
5357;9;4
2196;7;2
819;11;1
5248;9;1
1084;5;12
482;3;17
1800;14;4
4102;5;6
3243;8;2
745;15;8
2399;9;14
1590;5;13
1976;6;9
4700;7;4
4676;7;5
1925;6;10
1071;5;2
2586;9;24
3686;3;58
2877;8;1
90;5;13
3562;2;4
1942;6;4
3139;8;9
3977;5;69
5690;11;12
946;15;9
5243;9;3
1315;5;52
3632;3;31
3112;8;29
1202;5;12
4057;5;8
50;1;4
744;15;1
4475;6;3
5686;11;1
3962;5;47
2653;9;16
3160;8;14
2407;9;10
5378;9;14
1618;5;10
590;12;4
1797;14;5
1718;14;1
3572;8;8
5097;9;41
5086;9;31
846;11;10
2424;9;1
32;1;1
12;1;2
86;1;3
1;1;4
77;1;5
56;1;6
22;1;7
105;1;8
66;1;9
3357;1;10
95;1;11
3358;1;12
42;1;13
3359;1;14
3360;1;15
3361;1;16
3362;1;17
3363;1;18
3364;1;19
3365;1;20
3366;1;21
3367;1;22
3368;1;23
3369;1;24
3370;1;25
3371;1;26
3372;1;27
3373;1;28
3374;1;29
3375;1;30
3376;1;31
3377;1;32
3378;1;33
3379;1;34
3380;1;35
3381;1;36
3382;1;37
3383;1;38
33;1;1
96;1;2
67;1;3
87;1;4
106;1;5
2;1;6
43;1;7
23;1;8
78;1;9
3384;1;10
13;1;11
3385;1;12
57;1;13
3386;1;14
3387;1;15
3388;1;16
3389;1;17
3390;1;18
3391;1;19
3392;1;20
24;1;1
14;1;2
34;1;3
44;1;4
68;1;5
3;1;6
107;1;7
97;1;8
58;1;9
79;1;10
3393;1;11
45;1;1
4;1;2
25;1;3
98;1;4
15;1;5
108;1;6
3394;1;7
35;1;8
3395;1;9
69;1;10
3396;1;11
89;1;12
3397;1;13
80;1;14
3398;1;15
59;1;16
3399;1;17
3400;1;18
3401;1;19
3402;1;20
3403;1;21
3404;1;22
3405;1;23
3406;1;24
3407;1;25
90;1;1
36;1;2
3408;1;3
99;1;4
46;1;5
70;1;6
3409;1;7
81;1;8
71;1;1
47;1;2
6;1;3
91;1;4
3410;1;5
3411;1;6
3412;1;1
3413;1;2
3414;1;3
72;1;4
3415;1;5
3416;1;6
111;1;7
101;1;8
3417;1;9
3418;1;10
3419;1;11
3420;1;12
3421;1;13
3422;1;14
3423;1;15
3424;1;16
3425;1;17
38;1;18
3426;1;19
3427;1;20
3428;1;21
3429;1;22
3430;1;23
3431;1;24
3432;1;25
3433;1;26
3434;1;27
112;1;1
84;1;2
92;1;3
18;1;4
73;1;5
3435;1;6
3436;1;7
3437;1;8
3438;1;9
3439;1;1
3440;1;2
3441;1;3
3442;1;4
3443;1;1
3444;1;2
3445;1;3
3446;1;4
3447;1;5
3448;1;1
113;1;2
50;1;3
3449;1;4
3450;1;5
3451;1;1
40;1;2
3452;1;3
3453;1;4
3454;1;5
3455;1;6
51;1;7
93;1;8
3456;1;9
19;1;10
3457;1;11
3458;1;12
52;1;1
3459;1;2
3460;1;3
3461;1;4
3462;1;5
115;1;6
104;1;7
3463;1;1
53;1;2
9;1;3
65;1;1
10;1;2
3464;1;3
3465;1;4
3466;1;5
75;1;6
3467;1;7
20;1;8
3468;1;9
3469;1;10
3470;1;1
3471;1;2
3472;1;3
3473;1;4
3474;1;5
3475;1;6
3476;1;1
3477;1;2
3478;1;3
3479;1;4
3480;1;5
3481;1;6
3482;1;7
3483;1;8
3484;1;9
11;1;1
41;1;2
21;1;3
3485;1;4
3486;1;5
54;1;6
76;1;7
3487;1;8
3488;1;9
3489;1;10
3490;1;11
3491;1;12
3492;1;13
3493;1;14
3494;1;1
3495;1;2
3496;1;3
3497;1;4
3498;1;5
3499;1;1
55;1;2
3500;1;3
118;1;4
3501;1;5
3502;1;6
3503;1;7
3504;1;8
31;1;1
3505;1;2
3506;1;3
3507;1;4
218;2;1
229;2;2
182;2;3
206;2;4
3508;2;5
241;2;6
3509;2;7
3510;2;8
3511;2;9
3512;2;10
3513;2;11
3514;2;12
3515;2;13
230;2;1
207;2;2
219;2;3
196;2;4
3516;2;5
242;2;6
3517;2;7
3518;2;8
3519;2;9
3520;2;10
3521;2;11
3522;2;12
220;2;1
208;2;2
3523;2;3
243;2;4
197;2;5
184;2;6
3524;2;7
3525;2;8
3526;2;9
3527;2;10
3528;2;11
3529;2;12
209;2;1
221;2;2
3530;2;3
232;2;4
3531;2;5
3532;2;1
3533;2;2
3534;2;3
3535;2;4
222;2;5
210;2;6
186;2;7
3536;2;8
3537;2;9
3538;2;10
200;2;1
246;2;2
187;2;3
234;2;4
223;2;5
188;2;1
3539;2;2
3540;2;3
3541;2;4
3542;2;5
3543;2;6
3544;2;7
3545;2;8
3546;2;1
3547;2;2
3548;2;3
3549;2;4
3550;2;5
3551;2;6
3552;2;1
247;2;2
224;2;3
3553;2;4
189;2;5
201;2;6
3554;2;7
3555;2;8
3556;2;9
214;2;1
202;2;2
3557;2;3
248;2;4
190;2;5
3558;2;6
3559;2;7
235;2;8
3560;2;9
3561;2;10
3562;2;11
3563;2;12
3564;2;13
3565;2;1
3566;2;2
3567;2;3
3568;2;4
3569;2;5
3570;2;6
3571;2;7
191;2;1
236;2;2
3572;2;3
3573;2;4
3574;2;5
215;2;1
250;2;2
192;2;3
237;2;4
3575;2;5
203;2;6
3576;2;7
3577;2;8
3578;2;9
3579;2;10
3580;2;11
3581;2;1
3582;2;2
3583;2;3
3584;2;1
251;2;2
216;2;3
3585;2;4
3586;2;5
3587;2;6
3588;2;1
3589;2;2
3590;2;3
3591;2;4
3592;2;1
3593;2;2
3594;2;3
3595;2;4
3596;2;5
228;2;1
3597;2;2
3598;2;3
3599;2;4
3600;2;5
3601;2;1
3602;2;2
3603;2;3
3604;2;4
3605;2;5
3606;2;6
3607;2;1
239;2;2
205;2;3
3608;2;4
3609;2;5
3610;2;6
3611;2;1
3612;2;2
3613;2;3
3614;2;4
3615;2;5
3616;2;6
3617;2;7
3618;2;8
240;2;1
3619;2;2
3620;2;3
217;2;4
3621;2;5
3622;2;6
3623;2;7
3624;2;8
3625;2;9
3626;2;10
3627;2;11
252;2;12
429;3;1
356;3;2
262;3;3
385;3;4
302;3;5
270;3;6
469;3;7
504;3;8
461;3;9
539;3;10
280;3;11
449;3;12
441;3;13
481;3;14
403;3;15
416;3;16
366;3;17
312;3;18
519;3;19
493;3;20
342;3;21
377;3;22
530;3;23
334;3;24
393;3;25
292;3;26
253;3;27
349;3;28
320;3;29
327;3;30
3628;3;31
3629;3;32
3630;3;33
3631;3;34
3632;3;35
3633;3;36
3634;3;37
3635;3;38
3636;3;39
3637;3;40
3638;3;41
3639;3;42
3640;3;43
3641;3;44
3642;3;45
3643;3;46
3644;3;47
3645;3;48
3646;3;49
3647;3;50
3648;3;51
3649;3;52
3650;3;53
3651;3;54
3652;3;55
3653;3;56
3654;3;57
3655;3;58
3656;3;59
3657;3;60
3658;3;61
3659;3;62
450;3;1
293;3;2
470;3;3
357;3;4
350;3;5
271;3;6
281;3;7
417;3;8
462;3;9
531;3;10
254;3;11
494;3;12
482;3;13
263;3;14
367;3;15
394;3;16
540;3;17
378;3;18
520;3;19
335;3;20
386;3;21
430;3;22
303;3;23
321;3;24
328;3;25
505;3;26
442;3;27
3660;3;28
404;3;29
343;3;30
3661;3;31
313;3;32
3662;3;33
3663;3;34
3664;3;35
3665;3;36
3666;3;37
3667;3;38
3668;3;39
3669;3;40
3670;3;41
3671;3;42
3672;3;43
3673;3;44
3674;3;45
3675;3;46
3676;3;47
3677;3;48
3678;3;49
3679;3;50
3680;3;51
3681;3;52
3682;3;53
3683;3;54
3684;3;55
3685;3;56
3686;3;57
3687;3;58
3688;3;59
3689;3;60
3690;3;61
3691;3;62
3692;3;63
3693;3;64
3694;3;65
294;3;1
322;3;2
443;3;3
541;3;4
418;3;5
344;3;6
379;3;7
506;3;8
483;3;9
282;3;10
255;3;11
358;3;12
471;3;13
314;3;14
329;3;15
387;3;16
521;3;17
463;3;18
395;3;19
272;3;20
495;3;21
264;3;22
351;3;23
405;3;24
451;3;25
336;3;26
304;3;27
431;3;28
273;3;1
484;3;2
444;3;3
432;3;4
406;3;5
472;3;6
323;3;7
3695;3;8
452;3;9
3696;3;10
352;3;11
3697;3;12
381;3;1
420;3;2
296;3;3
542;3;4
370;3;5
523;3;6
397;3;7
465;3;8
534;3;9
306;3;10
407;3;11
266;3;12
284;3;13
485;3;14
508;3;15
389;3;16
345;3;17
453;3;18
360;3;19
331;3;20
274;3;21
316;3;22
473;3;23
433;3;24
497;3;25
324;3;26
338;3;27
353;3;28
3698;3;29
256;3;30
3699;3;31
445;3;32
3700;3;33
3701;3;34
3702;3;35
3703;3;36
3704;3;37
3705;3;38
3706;3;39
3707;3;40
285;3;1
498;3;2
390;3;3
346;3;4
3708;3;5
3709;3;6
454;3;7
535;3;8
3710;3;9
3711;3;10
3712;3;11
3713;3;12
3714;3;13
3715;3;14
3716;3;15
3717;3;16
3718;3;17
3719;3;1
3720;3;2
3721;3;3
3722;3;4
3723;3;5
3724;3;6
435;3;7
3725;3;8
3726;3;9
3727;3;10
3728;3;11
3729;3;12
3730;3;13
3731;3;14
3732;3;15
3733;3;16
3734;3;17
3735;3;18
3736;3;19
3737;3;20
3738;3;21
372;3;22
3739;3;23
3740;3;24
3741;3;25
3742;3;26
3743;3;27
3744;3;28
3745;3;29
298;3;30
3746;3;31
3747;3;32
3748;3;33
409;3;34
3749;3;35
3750;3;36
3751;3;37
3752;3;38
3753;3;39
3754;3;40
309;3;1
436;3;2
423;3;3
362;3;4
476;3;5
399;3;6
3755;3;7
3756;3;8
3757;3;9
310;3;1
3758;3;2
3759;3;3
347;3;4
477;3;5
355;3;6
456;3;7
536;3;8
286;3;9
363;3;10
383;3;11
499;3;12
3760;3;13
299;3;14
424;3;15
373;3;16
3761;3;17
400;3;18
487;3;19
447;3;20
259;3;21
411;3;22
3762;3;23
510;3;24
3763;3;25
525;3;26
277;3;27
467;3;28
425;3;1
488;3;2
3764;3;3
3765;3;4
3766;3;5
3767;3;6
287;3;7
478;3;8
500;3;9
437;3;10
318;3;11
3768;3;12
3769;3;13
3770;3;14
249;3;1
3771;3;2
3772;3;3
3773;3;4
3774;3;5
3775;3;1
511;3;2
3776;3;3
3777;3;4
3778;3;5
3779;3;6
3780;3;7
3781;3;1
3782;3;2
3783;3;3
3784;3;4
3785;3;5
3786;3;6
3787;3;7
413;3;8
3788;3;9
3789;3;10
3790;3;11
3791;3;12
3792;3;13
1353;3;1
513;3;2
414;3;3
3793;3;4
3794;3;5
544;3;6
527;3;7
3795;3;8
3796;3;9
3797;3;10
503;3;11
426;3;12
3798;3;1
3799;3;2
3800;3;3
3801;3;4
3802;3;5
3803;3;6
3804;3;7
3805;3;8
3806;3;9
3807;3;10
3808;3;11
391;3;12
3809;3;13
545;3;14
490;3;1
514;3;2
3810;3;3
3811;3;4
279;3;5
457;3;6
3812;3;7
3813;3;8
3814;3;9
3815;3;10
468;3;11
3816;3;12
3817;3;13
3818;3;14
546;3;15
3819;3;16
3820;3;17
3821;3;1
3822;3;2
3823;3;3
3824;3;4
365;3;1
3825;3;2
3826;3;3
458;3;4
3827;3;5
547;3;6
301;3;7
3828;3;8
3829;3;9
375;3;10
3830;3;11
3831;3;12
3832;3;13
3833;3;1
3834;3;2
3835;3;3
428;3;4
3836;3;1
3837;3;2
3838;3;3
3839;3;4
3840;3;5
3841;3;6
3842;3;7
3843;3;1
3844;3;2
3845;3;3
3846;3;4
3847;3;5
3848;3;6
3849;3;7
3850;3;8
3851;3;9
3852;3;10
3853;3;11
3854;3;12
3855;3;13
3856;3;14
3857;3;15
548;4;1
562;4;2
3858;4;3
3859;4;4
3860;4;5
3861;4;6
549;4;1
3862;4;2
563;4;3
3863;4;4
3864;4;5
564;4;1
550;4;2
3865;4;3
3866;4;4
3867;4;5
3868;4;6
551;4;1
565;4;2
3869;4;3
3870;4;4
3871;4;5
3872;4;6
305;4;1
552;4;2
553;4;1
3873;4;2
567;4;3
3874;4;4
3875;4;5
3876;4;6
3877;4;7
3878;4;8
3879;4;9
3880;4;10
3881;4;11
3882;4;12
3883;4;1
3884;4;2
3885;4;3
3886;4;4
3887;4;5
3888;4;6
3889;4;7
3890;4;8
3891;4;9
3892;4;10
3893;4;11
3894;4;12
3895;4;13
3896;4;14
3897;4;15
3898;4;16
3899;4;17
3900;4;18
3901;4;19
3902;4;20
3903;4;21
3904;4;22
3905;4;23
3906;4;24
3907;4;25
3908;4;26
3909;4;1
555;4;2
569;4;3
3910;4;4
3911;4;5
3912;4;6
570;4;1
3913;4;2
3914;4;1
3915;4;2
3916;4;1
3917;4;2
3918;4;3
3919;4;1
556;4;2
571;4;3
3920;4;4
3921;4;5
3922;4;6
3923;4;7
557;4;1
572;4;2
3924;4;3
3925;4;4
3926;4;5
573;4;1
3927;4;2
3928;4;3
558;4;4
3929;4;5
3930;4;1
3931;4;2
574;4;3
3932;4;4
3933;4;5
3934;4;6
3935;4;7
3936;4;8
3937;4;9
3938;4;10
3939;4;11
3940;4;12
3941;4;13
3942;4;14
560;4;1
3943;4;2
3944;4;3
3945;4;1
3946;4;2
3947;4;3
3948;4;4
3949;4;5
3950;4;6
3951;4;7
3952;4;8
3953;4;9
3954;4;10
3955;4;1
561;4;2
3956;4;3
3957;4;4
3958;5;1
1391;5;2
1426;5;3
1356;5;4
1071;5;5
1618;5;6
1201;5;7
1112;5;8
991;5;9
1291;5;10
1314;5;11
1168;5;12
1237;5;13
1192;5;14
973;5;15
1326;5;16
1467;5;17
1402;5;18
1457;5;19
1247;5;20
1563;5;21
1134;5;22
1280;5;23
1598;5;24
1573;5;25
1046;5;26
1257;5;27
1155;5;28
1002;5;29
1345;5;30
1581;5;31
1437;5;32
962;5;33
1059;5;34
1034;5;35
1229;5;36
1447;5;37
1094;5;38
1517;5;39
1181;5;40
1103;5;41
1022;5;42
1012;5;43
1123;5;44
1506;5;45
3959;5;46
982;5;47
1220;5;48
1495;5;49
1551;5;50
1145;5;51
3960;5;52
1526;5;53
1336;5;54
3961;5;55
1303;5;56
3962;5;57
3963;5;58
1268;5;59
3964;5;60
3965;5;61
3966;5;62
1536;5;63
3967;5;64
3968;5;65
3969;5;66
3970;5;67
3971;5;68
3972;5;69
3973;5;70
3974;5;71
3975;5;72
3976;5;73
3977;5;74
3978;5;75
1047;5;1
1403;5;2
1072;5;3
1156;5;4
1590;5;5
1552;5;6
1221;5;7
974;5;8
1417;5;9
1376;5;10
1448;5;11
1258;5;12
1458;5;13
1619;5;14
1564;5;15
1438;5;16
992;5;17
1013;5;18
1182;5;19
1060;5;20
1582;5;21
1202;5;22
1113;5;23
1357;5;24
1327;5;25
1610;5;26
1124;5;27
1169;5;28
1392;5;29
963;5;30
1507;5;31
1599;5;32
1193;5;33
1427;5;34
983;5;35
1527;5;36
1230;5;37
1095;5;38
1384;5;39
1023;5;40
1365;5;41
1083;5;42
1135;5;43
1035;5;44
1104;5;45
1468;5;46
1003;5;47
1574;5;48
1248;5;49
1337;5;50
1496;5;51
1487;5;52
1315;5;53
1518;5;54
1146;5;55
1346;5;56
1537;5;57
1211;5;58
1478;5;59
3979;5;60
1238;5;61
1292;5;62
1281;5;63
1269;5;64
1304;5;65
3980;5;66
3981;5;67
3982;5;68
3983;5;69
3984;5;70
3985;5;71
3986;5;72
3987;5;73
3988;5;74
3989;5;75
3990;5;76
3991;5;77
3992;5;78
3993;5;79
3994;5;80
3995;5;81
3996;5;82
1105;5;1
1170;5;2
1061;5;3
1347;5;4
1611;5;5
1194;5;6
1212;5;7
1024;5;8
1459;5;9
1084;5;10
1377;5;11
1014;5;12
1239;5;13
1591;5;14
1497;5;15
1469;5;16
1519;5;17
1449;5;18
1125;5;19
964;5;20
1583;5;21
1418;5;22
1338;5;23
1259;5;24
1428;5;25
1157;5;26
1096;5;27
1508;5;28
993;5;29
1004;5;30
1293;5;31
1114;5;32
1136;5;33
1439;5;34
1222;5;35
1404;5;36
1488;5;37
1565;5;38
1600;5;39
1048;5;40
1358;5;41
1147;5;42
1528;5;43
1036;5;44
1249;5;45
1328;5;46
1479;5;47
975;5;48
1393;5;49
1385;5;50
1183;5;51
1305;5;52
1270;5;53
1366;5;54
1575;5;55
1316;5;56
1073;5;57
1620;5;58
1015;5;1
1223;5;2
1025;5;3
1148;5;4
1348;5;5
1378;5;6
1554;5;7
1085;5;8
1106;5;9
1005;5;10
1049;5;11
1317;5;12
1470;5;13
1184;5;14
1115;5;15
1440;5;16
1158;5;17
1329;5;18
1126;5;19
1271;5;20
1441;5;1
966;5;2
1349;5;3
1038;5;4
1050;5;5
1272;5;6
1406;5;7
1395;5;8
1251;5;9
1471;5;10
1116;5;11
1261;5;12
1159;5;13
1520;5;14
1063;5;15
1318;5;16
1185;5;17
1107;5;18
1461;5;19
1205;5;20
1387;5;21
1540;5;22
1602;5;23
1499;5;24
1098;5;25
977;5;26
1127;5;27
1567;5;28
1295;5;29
1224;5;30
1593;5;31
1149;5;32
1510;5;33
1430;5;34
1026;5;35
1086;5;36
1360;5;37
1585;5;38
1214;5;39
1451;5;40
3997;5;41
3998;5;42
1555;5;43
3999;5;44
1075;5;45
995;5;46
4000;5;47
1530;5;48
1196;5;49
4001;5;50
4002;5;51
1340;5;52
4003;5;53
1481;5;54
1368;5;55
4004;5;56
4005;5;57
1577;5;58
4006;5;59
4007;5;60
4008;5;61
1241;5;62
1284;5;63
4009;5;64
4010;5;65
4011;5;66
4012;5;67
4013;5;68
4014;5;69
1172;5;70
4015;5;71
4016;5;72
4017;5;73
4018;5;74
4019;5;75
4020;5;76
4021;5;77
4022;5;78
1307;5;79
4023;5;80
4024;5;1
1039;5;2
1521;5;3
967;5;4
1396;5;5
1273;5;6
1341;5;7
1076;5;8
1225;5;9
1442;5;10
1319;5;11
1139;5;12
1491;5;13
4025;5;14
4026;5;15
1017;5;16
4027;5;17
1099;5;18
1108;5;19
1531;5;20
4028;5;21
4029;5;22
4030;5;23
4031;5;24
988;5;1
4032;5;2
1542;5;3
4033;5;4
1226;5;5
1832;5;6
4034;5;7
1040;5;8
4035;5;9
4036;5;10
4037;5;11
4038;5;12
4039;5;13
4040;5;14
4041;5;15
4042;5;16
1432;5;17
4043;5;18
4044;5;19
4045;5;20
4046;5;21
4047;5;22
1522;5;23
4048;5;24
4049;5;25
4050;5;26
4051;5;27
4052;5;28
4053;5;29
4054;5;30
4055;5;31
4056;5;32
4057;5;33
4058;5;34
4059;5;35
4060;5;36
4061;5;37
4062;5;38
4063;5;39
4064;5;40
4065;5;41
1342;5;42
4066;5;43
1118;5;44
4067;5;45
1492;5;46
4068;5;47
4069;5;48
4070;5;49
4071;5;50
4072;5;51
4073;5;52
4074;5;53
4075;5;54
4076;5;55
4077;5;56
1483;5;57
4078;5;58
4079;5;59
4080;5;60
4081;5;61
4082;5;62
4083;5;63
4084;5;64
4085;5;65
4086;5;66
4087;5;67
1052;5;68
4088;5;69
4089;5;70
1512;5;71
4090;5;72
4091;5;73
4092;5;74
4093;5;75
4094;5;76
4095;5;77
4096;5;78
1309;5;79
1473;5;80
4097;5;81
4098;5;82
1100;5;83
4099;5;84
4100;5;85
4101;5;86
4102;5;87
4103;5;88
4104;5;89
4105;5;90
4106;5;91
4107;5;92
4108;5;93
4109;5;94
4110;5;95
1028;5;96
1624;5;1
4111;5;2
1543;5;3
4112;5;4
4113;5;5
1558;5;6
4114;5;7
4115;5;8
4116;5;9
4117;5;10
4118;5;11
4119;5;1
4120;5;2
4121;5;3
4122;5;4
1008;5;5
4123;5;6
1513;5;7
1363;5;1
1227;5;2
1321;5;3
1235;5;4
1041;5;5
1207;5;6
1298;5;7
1089;5;8
1579;5;9
1433;5;10
1130;5;11
1409;5;12
1382;5;13
1151;5;14
1009;5;15
1464;5;16
4124;5;17
1533;5;18
1141;5;19
4125;5;1
4126;5;2
4127;5;3
4128;5;4
4129;5;5
4130;5;6
4131;5;7
4132;5;8
4133;5;9
4134;5;10
4135;5;1
4136;5;2
4137;5;3
4138;5;4
4139;5;5
4140;5;6
4141;5;7
1410;5;8
4142;5;9
4143;5;10
4144;5;11
4145;5;12
4146;5;13
4147;5;14
4148;5;15
4149;5;16
4150;5;17
4151;5;18
4152;5;19
4153;5;20
4154;5;21
4155;5;22
4156;5;23
4157;5;24
1288;5;1
4158;5;2
4159;5;3
4160;5;4
4161;5;5
4162;5;6
4163;5;7
4164;5;1
4165;5;2
859;5;3
4166;5;4
4167;5;5
4168;5;6
4169;5;7
1311;5;1
1289;5;2
1523;5;3
4170;5;4
844;5;5
1275;5;6
1545;5;7
4171;5;8
440;5;9
4172;5;10
1299;5;11
1322;5;12
4173;5;13
4174;5;14
4175;5;15
4176;5;16
1608;5;17
1264;5;18
4177;5;19
4178;5;20
4179;5;21
4180;5;22
4181;5;23
1200;5;24
4182;5;1
4183;5;2
4184;5;3
4185;5;4
4186;5;5
4187;5;6
4188;5;7
4189;5;8
4190;5;9
4191;5;10
4192;5;1
4193;5;2
1312;5;3
4194;5;4
4195;5;5
4196;5;6
4197;5;7
1208;5;8
4198;5;9
4199;5;10
4200;5;11
4201;5;12
4202;5;13
4203;5;14
4204;5;15
4205;5;16
4206;5;17
1372;5;18
4207;5;19
4208;5;20
4209;5;1
4210;5;2
1121;5;1
64;5;2
4211;5;3
713;5;4
1485;5;5
1079;5;6
1068;5;7
1475;5;8
1090;5;9
990;5;10
4212;5;11
1617;5;12
4213;5;13
1494;5;14
1164;5;15
1424;5;16
4214;5;17
4215;5;18
4216;5;19
4217;5;20
1301;5;21
1434;5;22
4218;5;23
4219;5;24
1000;5;25
1055;5;26
1265;5;27
1102;5;28
4220;5;29
4221;5;30
1165;5;1
4222;5;2
1466;5;3
4223;5;4
4224;5;5
4225;5;1
4226;5;2
4227;5;3
1011;5;1
4228;5;2
4229;5;3
4230;5;4
4231;5;5
1325;5;1
1166;5;2
4232;5;3
4233;5;4
1374;5;5
4234;5;6
4235;5;7
4236;5;8
4237;5;9
1178;5;10
4238;5;11
1091;5;12
4239;5;13
4240;5;14
4241;5;15
4242;5;16
4243;5;17
4244;5;18
4245;5;19
4246;5;20
4247;5;21
4248;5;22
4249;5;23
4250;5;24
4251;5;1
4252;5;2
4253;5;3
4254;5;4
4255;5;5
4256;5;6
4257;5;7
4258;5;8
4259;5;9
4260;5;1
4261;5;2
4262;5;1
4263;5;2
4264;5;3
4265;5;4
4266;5;5
4267;5;6
4268;5;7
4269;5;8
4270;5;9
4271;5;10
4272;5;11
4273;5;12
4274;5;13
4275;5;14
4276;5;15
4277;5;16
4278;5;17
4279;5;18
4280;5;19
4281;5;20
4282;5;21
4283;5;22
1032;5;1
1548;5;2
4284;5;3
1133;5;4
1413;5;5
1191;5;6
4285;5;7
4286;5;8
4287;5;9
4288;5;10
1562;5;11
1056;5;12
1179;5;13
1080;5;14
4289;5;15
4290;5;16
2201;5;17
1092;5;18
1070;5;19
4291;5;20
4292;5;21
4293;5;22
4294;5;23
1446;5;24
4295;5;25
4296;5;26
4297;5;27
4298;5;28
1607;5;29
4299;5;30
1879;6;1
2017;6;2
2027;6;3
1889;6;4
1949;6;5
1816;6;6
1860;6;7
1976;6;8
1925;6;9
1907;6;10
2006;6;11
1935;6;12
1870;6;13
1849;6;14
1985;6;15
1958;6;16
1995;6;17
1826;6;18
1916;6;19
1839;6;20
1899;6;21
1966;6;22
4300;6;23
4301;6;24
4302;6;25
4303;6;26
4304;6;27
4305;6;28
4306;6;29
4307;6;30
4308;6;31
4309;6;32
4310;6;33
4311;6;34
4312;6;35
4313;6;36
4314;6;37
4315;6;38
4316;6;39
4317;6;40
4318;6;41
4319;6;42
4320;6;43
4321;6;44
4322;6;45
4323;6;46
4324;6;47
4325;6;48
4326;6;49
4327;6;50
4328;6;51
4329;6;52
4330;6;53
1840;6;1
1871;6;2
1977;6;3
1900;6;4
1861;6;5
1917;6;6
2018;6;7
1817;6;8
1926;6;9
1936;6;10
1850;6;11
1959;6;12
1996;6;13
1908;6;14
2007;6;15
1890;6;16
1880;6;17
1986;6;18
2028;6;19
4331;6;20
1950;6;21
4332;6;22
1967;6;23
4333;6;24
1827;6;25
4334;6;26
4335;6;27
4336;6;28
4337;6;29
4338;6;30
4339;6;31
4340;6;32
4341;6;33
4342;6;34
4343;6;35
4344;6;36
4345;6;37
4346;6;38
4347;6;39
4348;6;40
4349;6;41
4350;6;42
4351;6;43
4352;6;44
4353;6;45
4354;6;46
4355;6;47
4356;6;48
4357;6;49
4358;6;50
4359;6;51
1901;6;1
1978;6;2
1881;6;3
1818;6;4
1851;6;5
1891;6;6
4360;6;7
4361;6;8
1862;6;9
2008;6;10
4362;6;11
4363;6;12
4364;6;13
1968;6;14
1961;6;1
1979;6;2
2030;6;3
1928;6;4
1892;6;5
1910;6;6
1919;6;7
1882;6;8
1819;6;9
2009;6;10
1938;6;11
1998;6;12
1863;6;13
1852;6;14
1952;6;15
1988;6;16
1842;6;17
1902;6;18
2020;6;19
1873;6;20
1969;6;21
1829;6;22
1853;6;1
1980;6;2
1962;6;3
1999;6;4
1929;6;5
2021;6;6
1970;6;7
1830;6;8
1843;6;9
1953;6;10
4365;6;11
1883;6;12
2010;6;13
1911;6;14
1874;6;15
2031;6;16
1939;6;17
1989;6;18
1864;6;19
4366;6;20
4367;6;21
1903;6;22
1893;6;23
4368;6;24
4369;6;25
4370;6;26
1920;6;27
4371;6;28
4372;6;29
4373;6;30
1971;6;1
1884;6;2
2000;6;3
1990;6;4
1831;6;5
1894;6;6
1875;6;7
1940;6;8
4374;6;9
2011;6;10
2022;6;11
1963;6;12
1821;6;13
4375;6;14
4376;6;1
4377;6;2
4378;6;3
4379;6;4
4380;6;5
4381;6;6
4382;6;7
4383;6;8
4384;6;9
4385;6;10
4386;6;1
4387;6;2
4388;6;3
4389;6;4
4390;6;5
4391;6;6
4392;6;7
4393;6;8
4394;6;9
4395;6;10
4396;6;11
4397;6;12
4398;6;13
1855;6;14
1885;6;15
4399;6;16
4400;6;17
4401;6;18
4402;6;19
4403;6;20
4404;6;21
2012;6;22
4405;6;23
4406;6;24
4407;6;25
4408;6;26
4409;6;27
4410;6;28
4411;6;29
4412;6;30
4413;6;31
4414;6;32
4415;6;33
4416;6;34
4417;6;35
4418;6;36
4419;6;37
4420;6;38
4421;6;39
4422;6;40
4423;6;41
4424;6;42
4425;6;43
4426;6;44
4427;6;45
4428;6;46
4429;6;47
4430;6;48
4431;6;49
4432;6;50
4433;6;51
2023;6;1
1895;6;2
1822;6;3
1886;6;4
1931;6;5
1942;6;6
2033;6;7
1856;6;8
1922;6;9
1992;6;10
1972;6;11
1866;6;12
1955;6;13
4434;6;14
1833;6;15
1877;6;16
4435;6;17
1905;6;18
4436;6;19
4437;6;20
4438;6;21
4439;6;1
2003;6;2
4440;6;3
1943;6;4
4441;6;5
1914;6;6
4442;6;7
4443;6;8
4444;6;9
4445;6;10
4446;6;11
4447;6;12
4448;6;1
4449;6;2
4450;6;3
4451;6;4
4452;6;5
4453;6;1
4454;6;2
4455;6;3
4456;6;4
4457;6;5
4458;6;6
4459;6;7
4460;6;8
4461;6;9
4462;6;10
4463;6;1
4464;6;2
4465;6;3
4466;6;4
4467;6;5
4468;6;6
1534;6;1
4469;6;2
1824;6;3
2014;6;4
1983;6;5
4470;6;6
4471;6;7
1834;6;8
2026;6;9
1973;6;10
4472;6;11
4473;6;1
4474;6;2
4475;6;3
4476;6;4
4477;6;5
4478;6;6
4479;6;7
1887;6;8
4480;6;9
4481;6;10
4482;6;11
4483;6;12
4484;6;13
4485;6;14
4486;6;15
4487;6;16
4488;6;17
1867;6;1
1857;6;2
1924;6;3
1896;6;4
1878;6;5
1823;6;6
4489;6;7
4490;6;8
1915;6;9
4491;6;10
4492;6;11
1944;6;12
2004;6;13
2034;6;14
1932;6;15
4493;6;16
4494;6;17
4495;6;18
1994;6;19
4496;6;20
4497;6;21
4498;6;22
4499;6;23
4500;6;24
4501;6;25
4502;6;26
1956;6;27
4503;6;28
4504;6;1
1897;6;2
4505;6;3
4506;6;4
4507;6;5
4508;6;6
1836;6;7
4509;6;8
4510;6;9
4511;6;10
4512;6;11
4513;6;12
4514;6;13
4515;6;14
4516;6;15
4517;6;16
4518;6;17
4519;6;18
4520;6;19
4521;6;20
4522;6;21
4523;6;22
4524;6;23
4525;6;1
4526;6;2
4527;6;3
1847;6;4
4528;6;5
4529;6;6
4530;6;7
4531;6;8
4532;6;9
4533;6;10
4534;6;11
4535;6;12
4536;6;13
4537;6;1
1945;6;2
4538;6;3
4539;6;4
4540;6;5
4541;6;6
4542;6;7
4543;6;8
4544;6;9
4545;6;10
4546;6;11
4547;6;12
4548;6;13
4549;6;1
1946;6;2
4550;6;3
4551;6;4
4552;6;5
4553;6;6
4554;6;7
4555;6;8
4556;6;9
4557;6;10
4558;6;11
4559;6;12
4560;6;13
4561;6;14
4562;6;1
4563;6;2
4564;6;3
4565;6;1
4566;6;2
4567;6;3
4568;6;4
4569;6;5
4570;6;6
4571;6;7
4572;6;8
4573;6;9
4574;6;10
4575;6;11
4576;6;12
4577;6;13
4578;6;14
4579;6;15
4580;6;16
4581;6;1
1975;6;2
4582;6;3
4583;6;4
4584;6;5
4585;6;6
4586;6;7
4587;6;8
4588;6;9
4589;6;10
2168;7;1
2181;7;2
2292;7;3
2216;7;4
2136;7;5
2231;7;6
2125;7;7
2255;7;8
2206;7;9
2242;7;10
2191;7;11
2146;7;12
2265;7;13
2158;7;14
2280;7;15
4590;7;16
4591;7;17
4592;7;18
4593;7;19
4594;7;20
4595;7;21
4596;7;22
4597;7;23
4598;7;24
4599;7;25
4600;7;26
4601;7;27
4602;7;28
4603;7;29
4604;7;30
4605;7;31
4606;7;32
4607;7;33
4608;7;34
4609;7;35
4610;7;36
4611;7;37
4612;7;38
4613;7;39
4614;7;40
2293;7;1
2207;7;2
2147;7;3
2256;7;4
2217;7;5
2192;7;6
2126;7;7
2281;7;8
2266;7;9
2182;7;10
2232;7;11
2159;7;12
2243;7;13
2169;7;14
2137;7;15
4615;7;16
4616;7;17
4617;7;18
4618;7;19
4619;7;20
4620;7;21
4621;7;22
4622;7;23
4623;7;24
2218;7;1
2170;7;2
2127;7;3
2294;7;4
2208;7;5
4624;7;6
4625;7;7
4626;7;8
4627;7;9
2148;7;10
2295;7;1
2161;7;2
4628;7;3
2128;7;4
2234;7;5
2258;7;6
2194;7;7
2149;7;8
2283;7;9
2245;7;10
4629;7;11
2209;7;12
2268;7;13
2219;7;14
2184;7;15
4630;7;16
4631;7;17
4632;7;18
4633;7;19
4634;7;20
4635;7;21
4636;7;22
4637;7;23
4638;7;24
4639;7;25
2220;7;1
2296;7;2
2195;7;3
2246;7;4
4640;7;5
2162;7;6
2259;7;7
2140;7;8
4641;7;9
2172;7;10
4642;7;11
2269;7;12
4643;7;13
4644;7;14
4645;7;15
2270;7;1
2196;7;2
2173;7;3
2130;7;4
4646;7;5
2247;7;6
2131;7;1
2152;7;2
2271;7;3
2187;7;4
2261;7;5
2298;7;6
2197;7;7
2248;7;8
4647;7;9
2142;7;10
4648;7;11
4649;7;12
2222;7;13
2212;7;14
4650;7;15
4651;7;16
4652;7;17
4653;7;18
4654;7;19
4655;7;20
4656;7;21
4657;7;22
4658;7;23
4659;7;24
4660;7;25
4661;7;26
2286;7;27
4662;7;28
4663;7;29
4664;7;30
4665;7;31
4666;7;32
4667;7;33
4668;7;34
4669;7;35
4670;7;1
4671;7;2
4672;7;3
2223;7;4
4673;7;5
4674;7;6
4675;7;7
4676;7;8
2213;7;9
4677;7;10
2175;7;11
4678;7;12
4679;7;13
4680;7;14
2198;7;15
4681;7;16
2299;7;17
2153;7;18
4682;7;19
4683;7;20
4684;7;21
2224;7;1
4685;7;2
4686;7;3
4687;7;4
4688;7;5
4689;7;6
4690;7;7
4691;7;8
4692;7;9
4693;7;10
4694;7;11
4695;7;12
2164;7;1
4696;7;2
4697;7;3
2189;7;4
4698;7;5
4699;7;6
4700;7;7
4701;7;8
4702;7;9
4703;7;10
4704;7;11
2225;7;12
4705;7;13
4706;7;14
4707;7;15
4708;7;16
4709;7;17
4710;7;18
4711;7;19
4712;7;20
4713;7;21
4714;7;22
4715;7;1
4716;7;2
4717;7;3
4718;7;4
4719;7;1
4720;7;2
4721;7;3
4722;7;4
4723;7;5
4724;7;6
2249;7;1
4725;7;2
4726;7;3
2203;7;4
4727;7;5
4728;7;6
2214;7;1
4729;7;2
2155;7;3
2190;7;4
2226;7;5
4730;7;6
4731;7;7
4732;7;8
4733;7;9
2262;7;10
4734;7;11
4735;7;12
2144;7;13
4736;7;14
4737;7;15
4738;7;16
4739;7;17
4740;7;1
4741;7;2
4742;7;3
4743;7;4
4744;7;5
2178;7;1
4745;7;2
4746;7;3
4747;7;4
4748;7;5
4749;7;6
2251;7;7
4750;7;8
2274;7;9
4751;7;1
4752;7;2
4753;7;3
4754;7;4
2227;7;5
4755;7;6
4756;7;7
4757;7;8
4758;7;9
2302;7;1
4759;7;2
4760;7;3
2289;7;4
4761;7;1
4762;7;2
4763;7;3
4764;7;4
4765;7;5
4766;7;6
4767;7;7
4768;7;8
4769;7;9
4770;7;10
2303;7;1
4771;7;2
4772;7;3
2179;7;4
4773;7;5
2228;7;6
4774;7;7
4775;7;8
4776;7;9
4777;7;10
4778;7;11
4779;7;12
4780;7;13
2166;7;14
4781;7;15
4782;7;16
4783;7;17
3183;8;1
3243;8;2
3211;8;3
2962;8;4
3009;8;5
3068;8;6
2869;8;7
3030;8;8
4784;8;9
4785;8;10
4786;8;11
4787;8;12
2987;8;13
4788;8;14
3256;8;15
4789;8;16
4790;8;17
4791;8;18
4792;8;19
4793;8;20
4794;8;21
4795;8;22
4796;8;23
4797;8;24
4798;8;25
4799;8;26
4800;8;27
4801;8;28
4802;8;29
4803;8;30
4804;8;31
4805;8;32
4806;8;33
4807;8;34
4808;8;35
4809;8;36
4810;8;37
4811;8;38
4812;8;39
3081;8;40
4813;8;41
4814;8;42
4815;8;43
4816;8;44
4817;8;45
4818;8;46
4819;8;47
4820;8;48
4821;8;49
4822;8;50
4823;8;51
4824;8;52
4825;8;53
4826;8;54
4827;8;55
4828;8;56
4829;8;57
4830;8;58
4831;8;59
4832;8;60
3134;8;1
2930;8;2
3224;8;3
3244;8;4
3122;8;5
3172;8;6
3020;8;7
3270;8;8
2903;8;9
3103;8;10
3058;8;11
3031;8;12
2941;8;13
2963;8;14
3212;8;15
3305;8;16
3082;8;17
2988;8;18
3203;8;19
2999;8;20
3293;8;21
3159;8;22
2870;8;23
3282;8;24
3112;8;25
2976;8;26
3069;8;27
3193;8;28
3094;8;29
2887;8;30
2918;8;31
3184;8;32
3146;8;33
3046;8;34
3234;8;35
3010;8;36
3070;8;1
2871;8;2
3294;8;3
3245;8;4
2964;8;5
3235;8;6
3000;8;7
2888;8;8
2931;8;9
3011;8;10
3258;8;11
3032;8;12
2904;8;13
3147;8;14
3123;8;15
3083;8;16
2919;8;17
3271;8;18
3104;8;19
3021;8;20
3306;8;21
2942;8;22
3160;8;23
3095;8;24
3185;8;25
2952;8;26
3204;8;27
3283;8;28
3213;8;29
2989;8;30
3225;8;31
3135;8;32
2977;8;33
3194;8;34
4833;8;35
4834;8;36
3059;8;37
3173;8;38
4835;8;39
4836;8;40
3047;8;41
4837;8;42
4838;8;43
4839;8;44
4840;8;45
4841;8;46
4842;8;47
4843;8;48
4844;8;49
4845;8;50
4846;8;51
4847;8;52
4848;8;53
4849;8;54
4850;8;55
4851;8;56
4852;8;57
4853;8;58
4854;8;59
3033;8;1
2872;8;2
2990;8;3
3236;8;4
2905;8;5
3295;8;6
2932;8;7
3105;8;8
3161;8;9
4855;8;10
2953;8;11
3001;8;12
3084;8;13
3214;8;14
3124;8;15
3186;8;16
3148;8;17
3246;8;18
3136;8;19
2943;8;20
2889;8;21
3071;8;22
3284;8;23
2978;8;24
3022;8;25
3259;8;26
3096;8;27
3060;8;28
3272;8;29
2965;8;30
3307;8;31
3012;8;32
3195;8;33
4856;8;34
3174;8;35
3226;8;36
3285;8;1
2966;8;2
2873;8;3
2906;8;4
2979;8;5
3034;8;6
3072;8;7
3097;8;8
3175;8;9
2954;8;10
2944;8;11
3273;8;12
2874;8;1
3086;8;2
3238;8;3
3035;8;4
3248;8;5
3150;8;6
3073;8;7
3107;8;8
3176;8;9
2955;8;10
3297;8;11
3286;8;12
2891;8;13
2934;8;14
3126;8;15
2922;8;16
2980;8;17
3050;8;18
3216;8;19
3024;8;20
3127;8;1
4857;8;2
4858;8;3
4859;8;4
2875;8;5
4860;8;6
3177;8;7
4861;8;8
3262;8;9
2892;8;10
2841;8;11
4862;8;12
4863;8;1
4864;8;2
4865;8;3
4866;8;4
4867;8;5
4868;8;6
4869;8;7
4870;8;8
4871;8;9
2876;8;10
4872;8;11
4873;8;12
4874;8;13
4875;8;14
4876;8;15
4877;8;16
3250;8;17
4878;8;18
4879;8;19
4880;8;20
4881;8;21
4882;8;22
4883;8;23
3074;8;24
4884;8;25
4885;8;26
4886;8;27
4887;8;28
4888;8;29
2908;8;30
4889;8;31
2893;8;32
4890;8;33
4891;8;34
2877;8;1
3152;8;2
3277;8;3
3100;8;4
3129;8;5
3088;8;6
2982;8;7
3016;8;8
3075;8;9
2969;8;10
4892;8;11
3264;8;12
4893;8;13
2909;8;14
3052;8;15
2947;8;16
2957;8;17
3265;8;1
4894;8;2
4895;8;3
4896;8;4
3166;8;5
4897;8;6
4898;8;7
4899;8;8
4900;8;9
4901;8;10
4902;8;11
3278;8;12
4903;8;13
4904;8;14
4905;8;15
4906;8;16
4907;8;17
4908;8;18
4909;8;1
4910;8;2
3180;8;3
3199;8;4
4911;8;5
4912;8;6
4913;8;7
4914;8;8
4915;8;9
4916;8;10
4917;8;11
4918;8;12
3219;8;13
4919;8;14
4920;8;15
4921;8;16
4922;8;17
4923;8;18
4924;8;1
4925;8;2
4926;8;3
4927;8;4
4928;8;5
4929;8;1
2878;8;2
4930;8;3
4931;8;4
2937;8;5
4932;8;6
4933;8;7
2984;8;8
4934;8;9
2911;8;10
4935;8;11
2958;8;12
4936;8;13
4937;8;14
3253;8;15
4938;8;16
4939;8;17
4940;8;18
4941;8;19
4942;8;20
4943;8;1
2879;8;2
4944;8;3
2895;8;4
3291;8;5
4945;8;6
3153;8;7
3039;8;8
2959;8;9
4946;8;10
3221;8;11
3027;8;12
4947;8;13
3167;8;14
4948;8;15
3017;8;16
4949;8;17
3090;8;18
2912;8;19
2995;8;20
4950;8;21
3301;8;22
4951;8;23
4952;8;1
4953;8;2
4954;8;3
4955;8;4
4956;8;5
4957;8;6
4958;8;7
4959;8;8
4960;8;9
4961;8;1
3191;8;2
4962;8;3
3077;8;4
3242;8;5
3054;8;6
3255;8;7
2971;8;8
3168;8;9
3040;8;10
4963;8;11
2960;8;12
3008;8;13
4964;8;14
4965;8;15
2896;8;16
2880;8;17
3064;8;18
4966;8;19
4967;8;20
4968;8;21
4969;8;22
4970;8;23
4971;8;24
3231;8;25
3200;8;26
4972;8;27
4973;8;28
2926;8;29
4974;8;1
4975;8;2
4976;8;3
4977;8;4
4978;8;5
4979;8;6
4980;8;7
4981;8;8
3041;8;9
4982;8;10
4983;8;11
4984;8;1
4985;8;2
2881;8;3
3131;8;4
4986;8;5
4987;8;6
4988;8;7
4989;8;8
4990;8;9
4991;8;10
4992;8;11
4993;8;12
4994;8;13
4995;8;14
4996;8;15
4997;8;16
4998;8;17
4999;8;18
2897;8;19
5000;8;20
5001;8;21
5002;8;22
5003;8;23
5004;8;24
5005;8;25
5006;8;26
5007;8;27
5008;8;28
5009;8;29
5010;8;30
5011;8;31
5012;8;32
5013;8;1
5014;8;2
5015;8;3
5016;8;4
5017;8;5
5018;8;6
5019;8;7
5020;8;8
5021;8;9
5022;8;10
5023;8;11
5024;8;12
5025;8;13
5026;8;14
5027;8;15
5028;8;16
5029;8;17
5030;8;18
5031;8;19
5032;8;20
5033;8;21
5034;8;22
5035;8;23
5036;8;24
3220;8;1
5037;8;2
3169;8;3
3143;8;4
5038;8;5
5039;8;6
5040;8;7
5041;8;8
5042;8;9
5043;8;10
5044;8;11
3042;8;1
5045;8;2
5046;8;3
5047;8;4
5048;8;5
5049;8;6
3267;8;7
3201;8;8
5050;8;9
3078;8;10
5051;8;11
5052;8;12
5053;8;13
5054;8;14
5055;8;15
5056;8;1
5057;8;2
5058;8;3
5059;8;4
5060;8;5
5061;8;1
5062;8;2
5063;8;3
5064;8;4
5065;8;5
5066;8;6
5067;8;7
5068;8;8
5069;8;9
5070;8;10
5071;8;11
5072;8;12
2972;8;1
5073;8;2
3182;8;3
5074;8;4
2914;8;5
2899;8;6
2883;8;7
5075;8;8
3079;8;9
5076;8;10
5077;8;11
3043;8;12
5078;8;13
5079;8;14
3029;8;15
5080;8;16
3156;8;17
5081;8;18
5082;8;19
5083;8;20
2486;9;1
2752;9;2
2524;9;3
2439;9;4
2641;9;5
2738;9;6
2427;9;7
2773;9;8
2675;9;9
2653;9;10
2397;9;11
2582;9;12
2715;9;13
2846;9;14
2702;9;15
2619;9;16
2410;9;17
2340;9;18
2795;9;19
2559;9;20
2362;9;21
5084;9;22
5085;9;23
5086;9;24
5087;9;25
5088;9;26
5089;9;27
5090;9;28
5091;9;29
5092;9;30
5093;9;31
5094;9;32
2785;9;33
5095;9;34
2689;9;35
5096;9;36
5097;9;37
5098;9;38
5099;9;39
5100;9;40
5101;9;41
5102;9;42
5103;9;43
5104;9;44
5105;9;45
5106;9;46
5107;9;47
5108;9;48
5109;9;49
5110;9;50
5111;9;51
5112;9;52
5113;9;53
5114;9;54
5115;9;55
5116;9;56
5117;9;57
5118;9;58
5119;9;59
5120;9;60
5121;9;61
5122;9;62
5123;9;63
5124;9;64
5125;9;65
5126;9;66
5127;9;67
5128;9;68
5129;9;69
5130;9;70
5131;9;71
5132;9;72
5133;9;73
5134;9;74
5135;9;75
5136;9;76
5137;9;77
5138;9;78
5139;9;79
5140;9;80
5141;9;81
5142;9;82
5143;9;83
5144;9;84
5145;9;85
5146;9;86
5147;9;87
5148;9;88
5149;9;89
5150;9;90
5151;9;91
5152;9;92
2594;9;1
2474;9;2
2690;9;3
2620;9;4
2398;9;5
2499;9;6
2764;9;7
2703;9;8
2822;9;9
2381;9;10
2606;9;11
2583;9;12
2341;9;13
2753;9;14
2328;9;15
2796;9;16
2525;9;17
2676;9;18
2642;9;19
2462;9;20
2774;9;21
2570;9;22
2726;9;23
2812;9;24
2452;9;25
2630;9;26
2536;9;27
2318;9;28
2560;9;29
2786;9;30
2716;9;31
2411;9;32
2665;9;33
2859;9;34
2654;9;35
2308;9;36
2739;9;37
2487;9;38
2512;9;39
2352;9;40
2847;9;41
2440;9;42
2547;9;43
5153;9;44
5154;9;45
5155;9;46
2561;9;1
2548;9;2
2537;9;3
2364;9;4
2704;9;5
2329;9;6
2399;9;7
2813;9;8
2429;9;9
2621;9;10
5156;9;11
2488;9;12
2848;9;13
2309;9;14
2595;9;15
2643;9;16
2677;9;17
2319;9;18
2353;9;19
2775;9;20
2441;9;21
2607;9;22
2584;9;23
2475;9;24
2797;9;25
2513;9;26
2365;9;1
2705;9;2
2741;9;3
2413;9;4
2400;9;5
2849;9;6
2514;9;7
2572;9;8
2310;9;9
2787;9;10
5157;9;11
2728;9;12
2622;9;13
2501;9;14
2562;9;15
2343;9;16
2585;9;17
2464;9;18
2320;9;19
2354;9;20
2430;9;21
2755;9;22
2442;9;23
2330;9;24
2453;9;25
2718;9;26
2383;9;27
5158;9;28
2476;9;29
5159;9;30
2836;9;31
2814;9;32
2644;9;33
5160;9;34
5161;9;35
2798;9;36
2538;9;37
2692;9;38
2527;9;39
2861;9;40
5162;9;41
2766;9;42
2596;9;43
5163;9;44
5164;9;45
5165;9;46
2824;9;47
5166;9;48
2489;9;49
5167;9;50
5168;9;51
5169;9;52
2549;9;53
2608;9;54
2632;9;55
5170;9;56
5171;9;57
2678;9;58
5172;9;59
5173;9;60
2776;9;61
5174;9;62
5175;9;63
2656;9;64
5176;9;65
5177;9;66
5178;9;67
5179;9;68
5180;9;69
5181;9;70
5182;9;71
2799;9;1
2431;9;2
2837;9;3
2414;9;4
2756;9;5
2719;9;6
2401;9;7
2550;9;8
2609;9;9
2573;9;10
5183;9;11
2454;9;12
2706;9;13
2742;9;14
2539;9;15
2633;9;16
2586;9;17
2331;9;18
2344;9;19
2693;9;20
2490;9;21
5184;9;22
5185;9;23
2862;9;24
2443;9;25
2788;9;26
2366;9;27
2515;9;28
2679;9;29
5186;9;30
2465;9;31
2623;9;32
2528;9;33
2850;9;34
5187;9;35
2668;9;36
2384;9;37
2321;9;38
5188;9;39
2729;9;40
2597;9;41
2355;9;42
5189;9;43
5190;9;44
5191;9;45
2815;9;46
5192;9;47
2502;9;48
5193;9;49
2563;9;50
5194;9;51
2311;9;52
5195;9;53
2477;9;54
5196;9;55
2767;9;56
5197;9;57
2825;9;58
5198;9;59
2645;9;60
5199;9;61
2657;9;62
5200;9;63
5201;9;64
2415;9;1
2778;9;2
2863;9;3
2444;9;4
2789;9;5
2707;9;6
2574;9;7
2800;9;8
2720;9;9
2694;9;10
2730;9;11
2402;9;12
5202;9;13
5203;9;14
5204;9;15
5205;9;16
2516;9;17
2332;9;18
2466;9;19
2646;9;20
2432;9;21
2322;9;22
5206;9;23
5207;9;24
5208;9;25
2851;9;26
5209;9;1
2852;9;2
2588;9;3
2731;9;4
2333;9;5
2769;9;6
2416;9;7
2611;9;8
2504;9;9
2817;9;10
2575;9;11
2659;9;12
2445;9;13
2403;9;14
2680;9;15
5210;9;16
2517;9;17
2565;9;18
2839;9;19
2357;9;20
2708;9;21
5211;9;22
2368;9;23
2530;9;24
2599;9;25
2864;9;26
2313;9;27
2635;9;28
2670;9;29
5212;9;30
2386;9;31
2456;9;32
2827;9;33
2721;9;34
2323;9;35
2433;9;36
2541;9;37
2801;9;38
2647;9;39
2695;9;40
5213;9;41
2479;9;42
5214;9;43
2492;9;44
2552;9;45
5215;9;46
5216;9;47
5217;9;48
2346;9;49
5218;9;50
2758;9;51
5219;9;52
2467;9;53
5220;9;54
5221;9;55
5222;9;56
2709;9;1
2334;9;2
2531;9;3
5223;9;4
2865;9;5
2566;9;6
5224;9;7
5225;9;8
5226;9;9
5227;9;10
5228;9;11
5229;9;12
2347;9;13
2434;9;14
5230;9;15
5231;9;16
5232;9;17
5233;9;18
5234;9;19
5235;9;20
5236;9;21
5237;9;22
2853;9;23
5238;9;24
5239;9;25
2518;9;26
2324;9;27
2446;9;28
2314;9;29
2553;9;30
5240;9;31
2802;9;32
5241;9;33
2358;9;34
5242;9;35
2759;9;36
2681;9;37
2418;9;1
2370;9;2
5243;9;3
2519;9;4
2435;9;5
2388;9;6
5244;9;7
5245;9;8
5246;9;9
5247;9;10
5248;9;11
5249;9;12
2405;9;13
5250;9;14
5251;9;15
5252;9;16
5253;9;17
5254;9;18
5255;9;19
5256;9;20
5257;9;21
5258;9;22
2506;9;1
5259;9;2
5260;9;3
2389;9;4
5261;9;5
5262;9;6
2601;9;7
5263;9;8
5264;9;9
2359;9;10
2613;9;11
5265;9;12
2335;9;13
5266;9;14
5267;9;15
5268;9;16
5269;9;17
5270;9;18
5271;9;19
5272;9;20
2543;9;21
5273;9;22
2520;9;23
5274;9;24
5275;9;25
5276;9;26
5277;9;27
5278;9;28
2746;9;29
2577;9;30
5279;9;31
2554;9;32
2661;9;33
5280;9;34
2781;9;35
5281;9;36
5282;9;37
5283;9;1
2733;9;2
2578;9;3
2662;9;4
2360;9;5
5284;9;6
2507;9;7
2649;9;8
2555;9;9
5285;9;10
2854;9;11
5286;9;12
5287;9;13
5288;9;14
2348;9;15
5289;9;16
5290;9;17
5291;9;18
5292;9;19
5293;9;20
5294;9;21
5295;9;22
5296;9;23
2614;9;24
5297;9;25
5298;9;26
5299;9;27
5300;9;28
5301;9;29
5302;9;30
5303;9;31
5304;9;32
2406;9;33
5305;9;34
5306;9;35
5307;9;36
5308;9;37
5309;9;38
5310;9;39
5311;9;40
5312;9;41
5313;9;42
5314;9;43
5315;9;44
5316;9;45
5317;9;46
5318;9;47
5319;9;48
5320;9;49
5321;9;50
5322;9;51
2419;9;52
5323;9;53
2532;9;54
5324;9;55
5325;9;56
5326;9;57
2866;9;58
5327;9;59
5328;9;60
2469;9;61
2336;9;62
5329;9;63
5330;9;64
5331;9;65
5332;9;66
2372;9;67
5333;9;68
2448;9;69
5334;9;70
5335;9;1
5336;9;2
5337;9;3
5338;9;4
5339;9;5
5340;9;6
5341;9;7
5342;9;8
5343;9;9
5344;9;10
2734;9;11
5345;9;12
5346;9;13
2672;9;14
5347;9;15
5348;9;16
2508;9;17
5349;9;18
5350;9;19
5351;9;20
5352;9;21
5353;9;22
2683;9;23
5354;9;24
5355;9;1
5356;9;2
5357;9;3
5358;9;4
5359;9;5
2337;9;1
5360;9;2
2590;9;3
2855;9;4
5361;9;5
2829;9;6
5362;9;7
5363;9;8
2867;9;9
2805;9;10
5364;9;11
5365;9;1
5366;9;2
5367;9;3
5368;9;4
5369;9;5
5370;9;6
5371;9;7
2407;9;1
2615;9;2
2806;9;3
2820;9;4
2711;9;5
5372;9;6
5373;9;7
5374;9;8
5375;9;9
5376;9;10
2782;9;11
5377;9;12
2374;9;13
5378;9;14
5379;9;15
5380;9;16
5381;9;17
5382;9;18
5383;9;19
5384;9;20
2748;9;21
5385;9;1
5386;9;2
5387;9;3
5388;9;4
5389;9;5
5390;9;6
2375;9;1
2349;9;2
5391;9;3
5392;9;4
2421;9;5
2819;9;6
2830;9;7
5393;9;8
2868;9;9
1668;9;10
2391;9;11
2602;9;12
5394;9;13
2699;9;14
2640;9;15
2856;9;16
5395;9;17
2723;9;18
5396;9;19
5397;9;20
5398;9;21
2685;9;22
2408;9;23
5399;9;24
5400;9;25
5401;9;26
5402;9;27
2460;9;28
5403;9;29
5404;9;30
2556;9;31
5405;9;32
2712;9;33
5406;9;34
2616;9;35
2438;9;36
5407;9;37
5408;9;38
2735;9;39
5409;9;40
5410;9;41
5411;9;42
2843;9;43
5412;9;44
5413;9;45
5414;9;46
2807;9;47
5415;9;48
2483;9;49
5416;9;50
5417;9;51
2792;9;52
2591;9;53
5418;9;54
5419;9;55
5420;9;56
5421;9;57
5422;9;58
5423;9;59
5424;9;60
5425;9;61
5426;9;62
2783;9;63
5427;9;1
2392;9;2
5428;9;3
2651;9;4
5429;9;5
5430;9;6
5431;9;7
5432;9;8
5433;9;1
5434;9;2
5435;9;3
2422;9;1
2376;9;2
5436;9;3
5437;9;4
5438;9;5
5439;9;6
5440;9;7
2831;9;1
5441;9;2
5442;9;3
5443;9;4
5444;9;5
2736;9;6
2750;9;7
5445;9;8
5446;9;9
5447;9;10
2772;9;11
2580;9;12
5448;9;13
5449;9;14
5450;9;15
5451;9;16
2534;9;1
5452;9;2
5453;9;3
5454;9;4
5455;9;5
5456;9;6
5457;9;7
5458;9;8
5459;9;9
2393;9;1
5460;9;2
5461;9;3
5462;9;4
5463;9;5
5464;9;6
5465;9;7
5466;9;8
5467;9;9
5468;9;10
2557;9;11
5469;9;12
5470;9;13
5471;9;1
2604;9;2
2784;9;3
2832;9;4
5472;9;5
2423;9;1
2617;9;2
5473;9;3
2350;9;4
2808;9;5
5474;9;6
5475;9;7
5476;9;8
5477;9;9
5478;9;10
2377;9;11
2713;9;12
5479;9;13
5480;9;14
2394;9;15
5481;9;16
5482;9;17
2724;9;18
5483;9;19
5484;9;20
5485;9;21
5486;9;22
5487;9;23
3315;10;1
3327;10;2
3337;10;3
3347;10;4
5488;10;5
5489;10;6
5490;10;7
5491;10;8
5492;10;9
5493;10;10
5494;10;11
5495;10;12
5496;10;13
5497;10;14
5498;10;15
5499;10;16
5500;10;17
5501;10;18
5502;10;19
5503;10;20
3328;10;1
3316;10;2
3338;10;3
5504;10;4
3348;10;5
5505;10;6
5506;10;7
5507;10;8
5508;10;9
5509;10;10
5510;10;11
5511;10;12
5512;10;13
5513;10;14
5514;10;15
5515;10;1
5516;10;2
3329;10;3
5517;10;4
5518;10;5
5519;10;6
3350;10;1
3330;10;2
5520;10;3
5521;10;4
5522;10;5
3341;10;1
3319;10;2
3331;10;3
5523;10;4
5524;10;5
5525;10;6
5526;10;7
5527;10;8
5528;10;9
5529;10;10
5530;10;1
5531;10;2
5532;10;3
5533;10;4
3352;10;5
5534;10;6
5535;10;7
5536;10;1
5537;10;2
5538;10;3
5539;10;4
5540;10;5
5541;10;6
5542;10;7
3343;10;8
3353;10;9
3333;10;10
5543;10;11
5544;10;12
5545;10;1
5546;10;2
5547;10;3
5548;10;1
5549;10;2
5550;10;3
5551;10;4
3322;10;1
5552;10;2
5553;10;3
5554;10;4
5555;10;5
3323;10;1
5556;10;2
5557;10;3
3344;10;4
5558;10;5
5559;10;6
5560;10;7
3354;10;8
5561;10;9
5562;10;10
3355;10;1
5563;10;2
3335;10;3
3345;10;4
3324;10;5
5564;10;1
5565;10;2
5566;10;3
5567;10;4
5568;10;1
5569;10;2
5570;10;3
5571;10;4
5572;10;1
5573;10;2
5574;10;3
5575;10;4
5576;10;5
823;11;1
878;11;2
792;11;3
849;11;4
863;11;5
925;11;6
892;11;7
908;11;8
5577;11;9
5578;11;10
939;11;1
909;11;2
950;11;3
810;11;4
836;11;5
793;11;6
893;11;7
879;11;8
5579;11;9
850;11;10
865;11;1
910;11;2
880;11;3
794;11;4
851;11;5
927;11;6
825;11;7
951;11;8
940;11;9
5580;11;10
5581;11;11
5582;11;12
866;11;1
812;11;2
881;11;3
895;11;4
852;11;5
952;11;6
928;11;7
5583;11;8
795;11;9
826;11;10
5584;11;11
5585;11;12
5586;11;13
5587;11;14
5588;11;15
5589;11;16
5590;11;17
838;11;18
5591;11;19
5592;11;20
796;11;1
5593;11;2
813;11;3
5594;11;4
853;11;5
896;11;6
929;11;7
5595;11;8
868;11;1
814;11;2
883;11;3
854;11;4
913;11;5
897;11;6
797;11;7
955;11;1
5596;11;2
5597;11;3
5598;11;4
5599;11;5
5600;11;6
5601;11;7
5602;11;8
5603;11;9
5604;11;10
5605;11;11
5606;11;12
5607;11;13
5608;11;14
5609;11;15
5610;11;16
5611;11;17
5612;11;18
5613;11;19
5614;11;20
5615;11;21
5616;11;22
5617;11;23
5618;11;24
5619;11;25
5620;11;26
841;11;27
798;11;28
5621;11;29
944;11;30
855;11;31
5622;11;32
5623;11;33
5624;11;34
5625;11;35
5626;11;36
5627;11;37
5628;11;38
5629;11;39
5630;11;40
5631;11;41
5632;11;42
5633;11;43
5634;11;44
5635;11;45
5636;11;46
5637;11;1
842;11;2
870;11;3
945;11;4
816;11;5
5638;11;6
5639;11;7
856;11;8
830;11;9
5640;11;10
915;11;11
899;11;12
916;11;1
871;11;2
5641;11;3
5642;11;4
5643;11;5
886;11;6
857;11;7
5644;11;8
5645;11;9
5646;11;10
831;11;1
5647;11;2
5648;11;3
5649;11;4
5650;11;5
5651;11;6
5652;11;7
5653;11;8
5654;11;9
5655;11;10
957;11;1
818;11;2
5656;11;3
832;11;4
5657;11;5
5658;11;6
819;11;1
5659;11;2
873;11;1
5660;11;2
5661;11;3
860;11;4
801;11;5
934;11;6
5662;11;7
5663;11;8
5664;11;1
918;11;2
5665;11;3
5666;11;4
5667;11;5
5668;11;6
5669;11;7
5670;11;8
5671;11;1
5672;11;2
5673;11;3
5674;11;4
5675;11;5
5676;11;1
5677;11;2
5678;11;3
5679;11;4
5680;11;5
5681;11;6
448;11;1
919;11;2
802;11;3
900;11;4
5682;11;5
5683;11;6
5684;11;7
5685;11;8
5686;11;1
5687;11;2
5688;11;3
5689;11;4
5690;11;5
5691;11;6
5692;11;7
5693;11;8
5694;11;9
5695;11;1
5696;11;2
936;11;1
874;11;2
960;11;3
889;11;4
5697;11;5
5698;11;6
5699;11;7
5700;11;8
901;11;9
947;11;10
5701;11;1
5702;11;2
5703;11;3
5704;11;1
5705;11;2
5706;11;3
5707;11;4
5708;11;5
5709;11;6
875;11;7
920;11;8
5710;11;9
902;11;1
5711;11;2
5712;11;3
5713;11;4
5714;11;5
5715;11;6
5716;11;7
5717;11;8
5718;11;9
5719;11;10
5720;11;11
5721;11;12
5722;11;13
5723;11;14
5724;11;15
5725;11;16
5726;11;17
5727;11;18
5728;11;19
5729;11;20
5730;11;21
5731;11;22
805;11;1
822;11;2
5732;11;3
5733;11;4
5734;11;5
5735;11;6
5736;11;7
588;12;1
601;12;2
655;12;3
695;12;4
576;12;5
624;12;6
638;12;7
612;12;8
684;12;9
671;12;10
5737;12;11
5738;12;12
5739;12;13
5740;12;1
5741;12;2
656;12;3
5742;12;4
589;12;5
5743;12;6
577;12;7
5744;12;8
5745;12;9
640;12;1
686;12;2
590;12;3
657;12;4
673;12;5
626;12;6
697;12;7
614;12;8
5746;12;9
603;12;10
5747;12;11
578;12;12
5748;12;13
5749;12;14
5750;12;15
5751;12;16
5752;12;17
5753;12;18
5754;12;19
687;12;1
604;12;2
579;12;3
674;12;4
5755;12;5
627;12;6
591;12;7
615;12;8
698;12;9
5756;12;10
642;12;1
592;12;2
688;12;3
616;12;4
5757;12;5
605;12;6
5758;12;7
659;12;8
5759;12;9
5760;12;10
643;12;1
593;12;2
5761;12;3
5762;12;4
689;12;5
5763;12;6
606;12;7
581;12;8
5764;12;9
5765;12;10
5766;12;1
661;12;2
5767;12;3
5768;12;4
5769;12;5
5770;12;6
5771;12;7
5772;12;8
5773;12;9
5774;12;1
5775;12;2
5776;12;3
644;12;4
5777;12;5
582;12;6
5778;12;7
5779;12;8
630;12;9
5780;12;10
5781;12;11
5782;12;12
701;12;13
5783;12;14
5784;12;15
5785;12;16
5786;12;17
5787;12;18
5788;12;19
5789;12;20
5790;12;21
5791;12;22
595;12;1
608;12;2
678;12;3
702;12;4
662;12;5
645;12;6
583;12;7
631;12;8
691;12;9
5792;12;1
5793;12;2
5794;12;3
5795;12;4
5796;12;5
692;12;1
5797;12;2
663;12;3
5798;12;4
619;12;5
5799;12;6
5800;12;7
5801;12;8
5802;12;9
5803;12;10
5804;12;11
5805;12;12
5806;12;13
5807;12;14
596;12;1
5808;12;2
679;12;3
5809;12;4
5810;12;5
5811;12;6
647;12;7
5812;12;8
5813;12;9
5814;12;10
5815;12;11
5816;12;12
664;12;13
5817;12;14
653;12;1
5818;12;2
680;12;3
5819;12;4
5820;12;1
703;12;2
681;12;3
621;12;4
610;12;5
5821;12;6
665;12;7
633;12;8
597;12;9
5822;12;10
5823;12;11
648;12;12
584;12;13
5824;12;14
5825;12;15
5826;12;16
5827;12;17
5828;12;1
5829;12;2
649;12;3
598;12;1
5830;12;2
611;12;3
5831;12;4
5832;12;5
585;12;6
666;12;7
5833;12;1
5834;12;2
5835;12;3
704;12;1
694;12;2
635;12;3
5836;12;4
5837;12;1
650;12;2
5838;12;3
163;13;1
120;13;2
131;13;3
151;13;4
174;13;5
140;13;6
5839;13;7
5840;13;8
152;13;1
164;13;2
175;13;3
141;13;4
5841;13;5
121;13;6
142;13;1
122;13;2
176;13;3
165;13;4
133;13;5
5842;13;6
134;13;1
154;13;2
166;13;3
143;13;4
177;13;5
123;13;6
5843;13;7
5844;13;8
5845;13;9
5846;13;10
5847;13;11
144;13;1
167;13;2
155;13;3
135;13;4
5848;13;5
5849;13;6
124;13;7
178;13;8
156;13;1
168;13;2
5850;13;3
145;13;4
157;13;1
146;13;2
5851;13;3
169;13;4
5852;13;5
5853;13;6
5854;13;7
5855;13;8
5856;13;9
5857;13;10
5858;13;11
5859;13;12
5860;13;13
5861;13;14
5862;13;15
5863;13;16
5864;13;17
5865;13;18
5866;13;1
5867;13;2
5868;13;3
5869;13;4
5870;13;5
126;13;1
5871;13;2
158;13;3
180;13;1
127;13;2
170;13;3
147;13;4
137;13;5
159;13;6
5872;13;1
128;13;2
5873;13;3
148;13;4
5874;13;5
160;13;6
5875;13;7
5876;13;8
181;13;9
5877;13;1
5878;13;2
5879;13;3
5880;13;4
5881;13;5
171;13;1
5882;13;2
5883;13;3
161;13;4
5884;13;1
5885;13;2
5886;13;3
5887;13;1
5888;13;2
5889;13;3
5890;13;4
5891;13;5
5892;13;1
130;13;2
150;13;3
162;13;4
5893;13;5
5894;13;6
5895;13;7
5896;13;1
5897;13;2
5898;13;3
5899;13;1
5900;13;2
5901;13;3
5902;13;4
5903;13;5
5904;13;6
5905;13;7
1701;14;1
1722;14;2
1655;14;3
1691;14;4
1737;14;5
1711;14;6
1680;14;7
5906;14;8
1639;14;9
5907;14;10
5908;14;11
5909;14;12
1783;14;13
1773;14;14
1627;14;15
1669;14;16
5910;14;17
5911;14;18
5912;14;19
5913;14;20
1774;14;1
1628;14;2
1723;14;3
1806;14;4
1796;14;5
1656;14;6
1640;14;7
1712;14;8
1692;14;9
1753;14;10
1761;14;11
1681;14;12
5914;14;13
5915;14;14
5916;14;15
5917;14;16
5918;14;17
5919;14;18
5920;14;19
1724;14;1
1657;14;2
1693;14;3
1713;14;4
1785;14;5
1762;14;6
1641;14;7
1629;14;8
5921;14;9
1807;14;10
5922;14;11
1703;14;12
5923;14;13
1682;14;14
1642;14;1
1694;14;2
1763;14;3
1725;14;4
1776;14;5
1658;14;6
1714;14;7
1672;14;8
1755;14;9
1798;14;10
1740;14;11
1630;14;12
1786;14;13
1704;14;14
1726;14;1
1764;14;2
1756;14;3
1787;14;4
1799;14;5
1631;14;6
1809;14;7
1741;14;8
5924;14;9
1659;14;10
1684;14;11
1643;14;12
1695;14;13
1777;14;14
1705;14;15
1715;14;16
1660;14;1
1778;14;2
1742;14;3
1727;14;4
1706;14;5
5925;14;6
1644;14;7
1696;14;8
1757;14;9
5926;14;10
1765;14;11
1810;14;12
5927;14;13
5928;14;14
1685;14;15
5929;14;1
5930;14;2
2275;14;3
5931;14;1
5932;14;2
5933;14;3
5934;14;4
5935;14;5
1675;14;6
5936;14;7
5937;14;8
5938;14;9
5939;14;10
5940;14;11
5941;14;12
5942;14;13
5943;14;14
5944;14;15
5945;14;16
5946;14;17
5947;14;18
5948;14;19
5949;14;1
5950;14;2
5951;14;3
5952;14;4
5953;14;5
5954;14;6
1646;14;1
5955;14;2
5956;14;3
5957;14;4
1801;14;5
1744;14;6
1698;14;7
5958;14;8
5959;14;9
1707;14;10
1634;14;11
5960;14;12
5961;14;13
1780;14;14
5962;14;15
5963;14;16
5964;14;17
5965;14;18
5966;14;19
1745;14;1
5967;14;2
1729;14;3
5968;14;4
1663;14;5
5969;14;6
5970;14;7
5971;14;8
5972;14;9
5973;14;10
1781;14;1
1635;14;2
1730;14;3
1718;14;4
1688;14;5
1647;14;6
5974;14;7
1767;14;8
843;14;9
1758;14;10
1802;14;11
1811;14;12
1746;14;13
5975;14;14
5976;14;15
5977;14;16
1768;14;1
5978;14;2
1791;14;3
5979;14;4
5980;14;5
1747;14;1
2079;14;2
1665;14;3
5981;14;4
5982;14;5
1648;14;6
1803;14;1
1748;14;2
1649;14;3
1708;14;4
5983;14;5
5984;14;6
5985;14;7
5986;14;8
5987;14;9
1812;14;10
5988;14;11
1769;14;12
1678;14;13
1782;14;14
1689;14;15
5989;14;1
1793;14;2
5990;14;3
5991;14;4
5992;14;5
1733;14;6
5993;14;1
5994;14;2
5995;14;3
5996;14;4
1813;14;5
5997;14;1
5998;14;2
5999;14;3
6000;14;4
6001;14;5
6002;14;1
6003;14;2
6004;14;3
6005;14;4
1650;14;5
1667;14;6
6006;14;7
6007;14;8
6008;14;9
6009;14;10
1749;14;1
6010;14;2
6011;14;1
6012;14;2
6013;14;3
6014;14;4
6015;14;1
6016;14;2
6017;14;3
6018;14;4
6019;14;5
6020;14;6
726;15;1
777;15;2
735;15;3
767;15;4
748;15;5
784;15;6
706;15;7
716;15;8
758;15;9
6021;15;10
6022;15;11
6023;15;12
6024;15;13
778;15;1
717;15;2
707;15;3
749;15;4
6025;15;5
6026;15;6
6027;15;7
760;15;1
769;15;2
779;15;3
708;15;4
6028;15;5
728;15;6
6029;15;7
718;15;8
6030;15;9
786;15;10
770;15;1
787;15;2
738;15;3
719;15;4
729;15;5
761;15;6
751;15;7
709;15;8
780;15;9
710;15;1
788;15;2
730;15;3
739;15;4
752;15;5
753;15;1
740;15;2
772;15;3
711;15;4
6031;15;5
763;15;6
6032;15;1
6033;15;2
722;15;3
741;15;4
6034;15;5
6035;15;6
6036;15;7
6037;15;8
773;15;1
712;15;2
742;15;3
764;15;4
732;15;5
723;15;6
790;15;7
6038;15;8
6039;15;9
6040;15;10
6041;15;11
6042;15;12
6043;15;13
6044;15;1
6045;15;2
6046;15;3
6047;15;4
6048;15;5
6049;15;6
6050;15;7
6051;15;8
6052;15;9
6053;15;10
6054;15;11
6055;15;12
6056;15;1
6057;15;2
6058;15;3
6059;15;4
6060;15;5
6061;15;6
6062;15;7
6063;15;8
6064;15;9
744;15;1
6065;15;2
6066;15;3
6067;15;4
6068;15;5
6069;15;6
6070;15;7
6071;15;8
775;15;1
6072;15;2
6073;15;3
6074;15;4
705;15;5
745;15;6
946;15;7
746;15;1
776;15;2
765;15;3
6075;15;4
6076;15;5
6077;15;6
6078;15;7
6079;15;8
6080;15;9
6081;15;10
6082;15;11
6083;15;12
6084;15;13
6085;15;14
6086;15;1
6087;15;1
6088;15;2
6089;15;3
747;15;4
6090;15;5
6091;15;6
6092;15;7
6093;15;8
6094;15;9
6095;15;10
6096;15;1
6097;15;2
6098;15;3
6099;15;4
6100;15;5
6101;15;1
725;15;2
6102;15;3
6103;15;4
6104;15;1
6105;15;2
6106;15;3
6107;15;4
6108;15;5
6109;15;1
6110;15;2
6111;15;3
6112;15;4
2048;16;1
2083;16;2
2092;16;3
2037;16;4
2071;16;5
6113;16;6
2060;16;7
2102;16;8
6114;16;9
6115;16;10
6116;16;11
6117;16;12
6118;16;13
6119;16;14
6120;16;15
6121;16;16
2093;16;1
2038;16;2
2103;16;3
2061;16;4
2072;16;5
6122;16;6
6123;16;7
2114;16;8
2084;16;9
6124;16;10
2085;16;1
2062;16;2
2050;16;3
2104;16;4
2039;16;5
2094;16;6
2073;16;7
6125;16;8
6126;16;9
2086;16;1
2095;16;2
2116;16;3
2051;16;4
2063;16;5
2040;16;6
2074;16;7
2105;16;8
6127;16;9
2117;16;1
2106;16;2
2064;16;3
2096;16;4
6128;16;5
6129;16;6
2075;16;7
2087;16;8
2041;16;9
6130;16;10
6131;16;11
6132;16;12
6133;16;13
6134;16;14
6135;16;15
2088;16;1
2065;16;2
2107;16;3
2053;16;4
2097;16;5
2076;16;6
2042;16;7
6136;16;8
6137;16;9
6138;16;10
6139;16;11
6140;16;12
6141;16;13
6142;16;14
2054;16;1
2066;16;2
6143;16;3
2119;16;4
2077;16;5
6144;16;6
6145;16;7
2043;16;8
6146;16;9
6147;16;1
6148;16;2
6149;16;3
6150;16;4
6151;16;5
2055;16;6
6152;16;7
2067;16;8
6153;16;9
2078;16;10
6154;16;11
6155;16;12
6156;16;1
6157;16;2
6158;16;3
2056;16;1
2045;16;2
6159;16;3
6160;16;4
2121;16;5
6161;16;6
6162;16;7
6163;16;8
6164;16;9
6165;16;1
2122;16;2
6166;16;3
6167;16;4
6168;16;5
6169;16;6
6170;16;7
6171;16;1
6172;16;2
6173;16;3
6174;16;4
2090;16;1
2057;16;2
2639;16;3
6175;16;4
2111;16;5
6176;16;6
6177;16;7
6178;16;8
6179;16;9
6180;16;10
2123;16;11
6181;16;12
2068;16;13
6182;16;14
6183;16;15
6184;16;16
2046;16;17
2098;16;18
2091;16;1
6185;16;2
2080;16;3
6186;16;4
6187;16;5
6188;16;6
2099;16;7
6189;16;1
6190;16;1
6191;16;2
6192;16;3
6193;16;4
6194;16;5
6195;16;1
6196;16;2
6197;16;3
6198;16;1
6199;16;2
6200;16;3
6201;16;4
6202;16;5
6203;16;6
6204;16;1
6205;16;2
6206;16;3
6207;16;4
