Wahlkreis_Nr;SVB_insgesamt;SVB_landw_fischerei;SVB_produz_gewerbe;SVB_handel_gast_verkehr;SVB_dienstleister;SVB_uebrige_dienstleister;Alter_unter_18;Alter_18_24;Alter_25_34;Alter_35_59;Alter_60_74;Alter_75_plus;ALQ_frauen;ALQ_15_24;ALQ_55_64;ALQ_insgesamt;ALQ_maenner;year
1;337.4;1.6;18.7;28.1;16.4;35.2;16.5;8.7;11.3;35;17.4;11.2;6.2;4.2;7.3;7.2;8.2;2017
2;337.6;2.6;19.9;33.4;12.4;31.7;16.1;8;10.4;35.1;18.5;11.9;6.6;3.6;8.4;7.2;7.7;2017
3;290.2;2.7;28.3;22.9;15.9;30.3;16.7;7.6;9.9;37;17.4;11.4;6;5.2;6.6;6.6;7.2;2017
4;276.1;2.4;24.4;23;15.5;34.7;17.3;7.2;9.4;37.2;17.9;11;4.7;3.2;5.6;5.1;5.5;2017
5;473.7;0.2;16;20.1;25.2;38.6;14.6;10.8;17.4;32.8;14.8;9.6;7.6;6.1;8.7;8.8;10;2017
6;312.4;1.7;22.5;29.1;17.6;29.1;16.4;7.3;10.1;35.8;18.3;12.1;6.4;4.4;7.7;6.9;7.5;2017
7;290.2;2.3;29.5;29;17.2;22;16.8;7.2;10.7;37.4;16.7;11.2;4.8;3.3;6.4;5.2;5.6;2017
8;333.4;1.1;27.8;29.3;17.5;24.3;17.1;6.9;10.5;37.9;17;10.5;4.2;2.7;5.1;4.6;4.9;2017
9;300.8;1.5;21;31.9;12.3;33.4;15;6.7;9.1;36.1;20;13.1;5.7;3.7;7.4;6.2;6.6;2017
10;285.6;1.3;28.3;28.4;15.5;26.5;16.8;6.6;10.1;36.9;17.3;12.3;4.5;3.2;5.5;4.8;5.1;2017
11;415.8;0.2;23.4;24.8;21;30.7;15.4;8.2;13.1;34.8;16.7;11.8;8;5.7;9;8.7;9.4;2017
12;385.1;2.7;24.6;20.5;17.8;34.5;15.7;5.5;12.9;36.6;17.8;11.4;7;8.1;7.9;7.8;8.5;2017
13;300.7;4.6;31.3;23.3;11.1;29.7;14.7;4.4;11.6;37.2;19.9;12.2;6.4;5.7;8.2;7.1;7.7;2017
14;398.9;0.9;17.3;24.2;22.7;34.9;14.3;6.6;16.2;33.6;17.5;11.9;7.6;8.2;9.3;8.9;10;2017
15;329.7;3.1;16.5;30.2;13.7;36.5;14.1;5.7;13.4;35.6;18.7;12.5;10.6;8.7;12.9;11.9;13.1;2017
16;346;3.1;19.9;24.2;15.8;37;14.4;4.4;11.4;36.8;20;13.1;10.3;10.6;12.8;11.7;13;2017
17;336.6;3.8;22.3;26.9;13.9;33.1;14.8;4.2;11;37.8;19.1;13;9.2;8.2;11.3;10.2;11.1;2017
18;526.6;0.1;15.7;27.6;33.1;23.5;16.2;7.9;16.5;35.8;14.1;9.6;6.5;4.6;8;7.1;7.7;2017
19;529.9;0.1;15.7;27.6;33.1;23.5;16.2;7.9;16.5;35.8;14.1;9.6;6.5;4.6;8;7.1;7.7;2017
20;528.3;0.1;15.7;27.6;33.1;23.5;16.2;7.9;16.5;35.8;14.1;9.6;6.5;4.6;8;7.1;7.7;2017
21;533.4;0.1;15.7;27.6;33.1;23.5;16.2;7.9;16.5;35.8;14.1;9.6;6.5;4.6;8;7.1;7.7;2017
22;526.3;0.1;15.7;27.6;33.1;23.5;16.2;7.9;16.5;35.8;14.1;9.6;6.5;4.6;8;7.1;7.7;2017
23;529.4;0.1;15.7;27.6;33.1;23.5;16.2;7.9;16.5;35.8;14.1;9.6;6.5;4.6;8;7.1;7.7;2017
24;385.9;1.2;32.5;25.3;14.6;26.4;17;8.4;11;35.3;17.8;10.5;7.5;3.9;8.4;7.8;8;2017
25;334.8;1.9;33.1;23.3;15.6;26.2;18.2;8.5;12;36.2;15.7;9.4;5;2.4;5.4;5;5;2017
26;315.7;0;0;23.9;15;36.7;15.6;8.1;10.3;34.2;19.1;12.7;7.6;2.8;9.1;8.2;8.7;2017
27;428.7;2.2;18.6;25;21.7;32.4;16.4;8.7;13.3;35.3;16.1;10.1;5.5;3.4;6.5;6.2;6.8;2017
28;282.3;2;34.9;24.2;12.5;26.3;16.9;7.9;10.5;36.7;17.1;10.9;6.7;3.6;7.1;6.6;6.5;2017
29;236.1;3.7;25.9;26.5;11.8;32.1;16.6;7.1;9.8;35.7;19;11.9;5.5;3.5;6.1;5.8;6.1;2017
30;311.4;2.7;29.2;25.2;13.8;29;17.5;8;11.4;36.5;16.4;10.2;5.1;3.4;5.6;5.3;5.4;2017
31;378.9;1.7;38.3;21.9;14.1;23.9;18.4;8.3;11.8;35.9;15.7;9.9;3.6;1.7;3.9;3.6;3.7;2017
32;426;3.7;43.1;20.2;12.4;20.7;20.4;9.7;13;35.7;13;8.3;4.8;2.3;6;4.7;4.7;2017
33;313.4;2.1;32.6;28.2;12.5;24.5;16.7;7.5;10.3;37.3;16.8;11.4;4.4;3.2;4.5;4.5;4.6;2017
34;282.4;2;28.6;28.8;13.3;27.3;17.2;7.3;10.1;36.8;17.7;10.7;4.2;2.5;4.2;4.4;4.6;2017
35;331;2.1;26.5;27.2;10.8;33.4;17.3;8.2;11.1;35.9;16.5;11.1;5.5;2.9;6;5.7;5.9;2017
36;238.6;2.3;22;34.5;15;26.3;17.2;7.1;10;37.8;17.1;10.8;4;1.8;5.5;4.2;4.4;2017
37;300.5;2.2;24.6;22.9;15.9;34.4;17;8.2;11.5;36.3;16.5;10.5;5.6;4.3;6.9;6.3;7;2017
38;343.1;1.8;39.8;22.3;14.2;21.9;18.7;8.5;11.3;36.3;15;10.2;3.5;1;4.7;3.6;3.6;2017
39;485.5;0.5;25;24.3;20.8;29.4;15.7;10.2;14.4;34.2;14.8;10.7;5.8;3.2;6.7;6.2;6.7;2017
40;291.2;1.3;31.6;22.7;11.9;32.5;16.2;7.4;10;36.5;17.5;12.4;5.5;5;5.9;5.9;6.3;2017
41;432.1;0.3;20;23.1;27;29.6;15.3;9.1;16.9;34.4;14.1;10;6.6;4.5;7.4;7.2;7.7;2017
42;434.5;0.3;20;23.1;27;29.6;15.3;9.1;16.9;34.4;14.1;10;6.6;4.5;7.4;7.2;7.7;2017
43;432.3;0.3;20;23.1;27;29.6;17.2;7.1;10.4;36.4;17.1;11.8;6.6;4.5;7.4;7.2;7.7;2017
44;313.4;2;27.3;22.2;11.6;37;16.6;7.4;10.5;35.4;17.9;12.2;6.2;4.3;7.4;7;7.8;2017
45;233.8;1.1;28.8;22.5;17.7;29.9;17.8;7.4;10.6;37.5;16.2;10.4;5.1;3.6;5.1;5.2;5.3;2017
46;326.6;1.2;34.2;18;15.6;30.9;15.3;7.4;9.9;35.1;18.4;13.9;6.1;5;6.9;6.9;7.7;2017
47;431.6;0.3;20;23.1;27;29.6;16.9;7.1;10.2;36.5;17.3;11.8;6.6;4.5;7.4;7.2;7.7;2017
48;319.2;0.5;31.9;20.6;13;34.1;15.8;8.5;10.8;35.7;17.1;12.2;5.8;3.9;7.2;6.7;7.5;2017
49;321;0.6;43.1;18.1;11.2;27;16;7.6;10.3;35.8;17.9;12.3;7.7;6;7.9;8.1;8.5;2017
50;501.1;0.1;21.5;20.3;31;27.1;14.3;9.2;16.7;33.5;15.2;11;5.9;3.2;6.9;6.1;6.2;2017
51;616.3;0;0;11.6;18.4;15.9;15.7;7.3;12.9;35.7;16.5;12;5.5;4.5;5.8;5.8;6;2017
52;326.9;2.1;33.2;21;11.4;32.3;14.4;7.5;10;35.1;19;13.9;5.9;4.6;6.7;6.7;7.3;2017
53;394.8;0.5;22.3;18.9;19.9;38.3;15.3;10;13.9;33.5;16.2;11.1;5.4;4.7;5.6;6;6.6;2017
54;483.6;0;0;25.3;25.2;26;15.5;8.6;14.6;34.4;16;10.9;9.2;7.3;9.1;9.8;10.4;2017
55;480.3;0;0;27.5;22.6;27.1;16.1;8.5;14;34.1;16.3;10.9;10.5;8.3;10;11.1;11.6;2017
56;336;5.2;28.6;21.7;11.2;33.3;13.9;4.5;11.2;37.5;19.7;13.1;8.3;7.9;9.4;8.9;9.4;2017
57;297.4;4;26.2;23.5;12.4;34;14.4;4.4;10.6;37.4;20.2;13.1;9.4;9.7;11;10.3;11.1;2017
58;274.9;2;29.1;25.8;13.6;29.4;16.8;5;10.3;39.9;17.3;10.6;6.1;4.9;7.8;6.7;7.2;2017
59;262.9;2.8;22.5;27;12.9;34.8;15.3;4.1;10.8;39.8;18.6;11.5;6;6.5;8.4;7;7.9;2017
60;329.3;2.1;24.9;24.4;17.5;31.1;13.9;4.4;11.9;36.6;19.7;13.5;6;6.8;7.9;7;7.9;2017
61;408.4;1.3;13.5;20.3;29.8;35.1;17.5;5.6;13.8;36.9;15.8;10.4;5.1;5.2;6.8;6;6.9;2017
62;361.6;3.1;27;32;14.5;23.4;15.2;4.8;11.3;38.6;18;12.1;5.3;4;6.9;5.8;6.2;2017
63;345.2;1.9;24.2;21.2;15.8;36.9;14.6;5.2;11.4;36.3;19.4;13;7.4;8.6;8.9;8.2;8.9;2017
64;375.8;1.5;26.7;20.3;17.9;33.6;13.4;5;12.1;36.2;20;13.4;7.8;4.2;9;8.8;9.8;2017
65;324;3.6;33.2;19.7;12.9;30.5;13.3;3.9;10.5;37.1;20.7;14.5;9.2;3.6;12.1;9.6;10;2017
66;314.1;5.2;28.1;21.3;11;34.4;14.9;4.8;11.5;37.5;18.8;12.5;9.4;7.5;10;9.9;10.3;2017
67;327.8;3.7;36.4;24.9;9.5;25.6;14.7;4.4;11.3;38.5;19.2;11.9;6.6;5.8;8.6;7.2;7.7;2017
68;328.4;1.9;31.9;22.3;10.8;33;13.9;4.8;10.9;35.8;20.9;13.7;7;4.3;8;7.6;8.1;2017
69;431.3;0.3;18.4;18.9;26;36.4;13.9;7.2;15;32.5;18.6;12.9;9.1;10.4;10;10;10.7;2017
70;354.1;2.3;31.1;19.6;16.1;31;13;4.3;10.7;35.5;21.6;14.9;8.6;6.9;9.9;9.1;9.6;2017
71;325.9;2.3;35.7;20.1;12.8;29.1;13.4;4.6;11.1;36.5;20.8;13.6;8.9;6.9;9.8;9.2;9.5;2017
72;404.1;0.3;14.6;19.4;26.9;38.8;14.7;7.9;15.3;32;18.4;11.7;8.6;10.4;9.3;9.8;10.9;2017
73;321.9;2.1;33.1;23.5;13.2;28.1;13.6;4.4;11.2;36.4;20.2;14.1;8.7;8.7;9.2;8.8;8.9;2017
74;321.5;2.3;33;24.8;12.7;27.1;13.5;4.3;10.6;36.3;21.6;13.7;9.9;9.4;11.1;10.2;10.5;2017
75;396.1;0;13.8;22.3;30;33.9;15.8;7.1;17.1;35.1;15.4;9.4;8.4;12.6;9.5;9.4;10.2;2017
76;391.1;0;13.8;22.3;30;33.9;15.8;7.1;17.1;35.1;15.4;9.4;8.4;12.6;9.5;9.4;10.2;2017
77;392.3;0;13.8;22.3;30;33.9;15.8;7.1;17.1;35.1;15.4;9.4;8.4;12.6;9.5;9.4;10.2;2017
78;396;0;13.8;22.3;30;33.9;15.8;7.1;17.1;35.1;15.4;9.4;8.4;12.6;9.5;9.4;10.2;2017
79;389.3;0;13.8;22.3;30;33.9;15.8;7.1;17.1;35.1;15.4;9.4;8.4;12.6;9.5;9.4;10.2;2017
80;392.4;0;13.8;22.3;30;33.9;15.8;7.1;17.1;35.1;15.4;9.4;8.4;12.6;9.5;9.4;10.2;2017
81;394.3;0;13.8;22.3;30;33.9;15.8;7.1;17.1;35.1;15.4;9.4;8.4;12.6;9.5;9.4;10.2;2017
82;391.3;0;13.8;22.3;30;33.9;15.8;7.1;17.1;35.1;15.4;9.4;8.4;12.6;9.5;9.4;10.2;2017
83;395.4;0;13.8;22.3;30;33.9;15.8;7.1;17.1;35.1;15.4;9.4;8.4;12.6;9.5;9.4;10.2;2017
84;393.9;0;13.8;22.3;30;33.9;15.8;7.1;17.1;35.1;15.4;9.4;8.4;12.6;9.5;9.4;10.2;2017
85;392.9;0;13.8;22.3;30;33.9;15.8;7.1;17.1;35.1;15.4;9.4;8.4;12.6;9.5;9.4;10.2;2017
86;397.7;0;13.8;22.3;30;33.9;15.8;7.1;17.1;35.1;15.4;9.4;8.4;12.6;9.5;9.4;10.2;2017
87;372.5;0.2;23.2;20.1;22.7;33.8;13.9;14.6;18.3;30;13.6;9.6;7.9;4.2;9;8.2;8.4;2017
88;373.1;0.2;23.2;20.1;22.7;33.8;17;7.9;11.1;36.3;16.8;10.9;7.9;4.2;9;8.2;8.4;2017
89;265.6;1;29.2;25;14.4;30.5;17;8.1;11.2;37.2;16.2;10.4;5.8;3.4;6.6;6;6.1;2017
90;313;0.8;30.8;17;24.3;27.1;16.7;8.5;11.4;36.2;16.6;10.5;6.9;4.5;6.6;7.2;7.4;2017
91;293.5;0.8;26.5;30.6;17.4;24.7;17.2;7.7;11.4;37;16.7;10;6.9;4.3;8.6;7.1;7.2;2017
92;292.9;0.8;27.7;27;15.3;29.1;16.9;7.7;10.8;36.9;16.7;11;6;3;7.3;6.2;6.4;2017
93;513.6;0;14.9;22.3;37.4;25.3;15.9;8.5;16.9;36.2;13.6;8.9;7.8;5.7;10.8;8.5;9.1;2017
94;511.8;0;14.9;22.3;37.4;25.3;15.9;8.5;16.9;36.2;13.6;8.9;7.8;5.7;10.8;8.5;9.1;2017
95;513.6;0;14.9;22.3;37.4;25.3;15.9;8.5;16.9;36.2;13.6;8.9;7.8;5.7;10.8;8.5;9.1;2017
96;540.4;0.1;8.1;15.3;32.7;43.8;17.3;9.6;15.6;34.3;13.6;9.7;6;4.6;7.2;6.7;7.4;2017
97;258.5;0.9;26.9;24.9;17.4;29.9;17.9;7.9;11.3;37;16;9.9;4.8;3.5;5.3;5.2;5.7;2017
98;259.4;0.9;26.9;24.9;17.4;29.9;17.6;7.7;10.6;36.3;16.8;11;4.8;3.5;5.3;5.2;5.7;2017
99;374.2;0.4;41.4;16.2;19.1;23;17.6;8.2;11.1;36.1;15.9;11.1;5.3;3;6.6;5.5;5.7;2017
100;256.1;0.5;27.3;23.5;16.6;32.1;16.9;7.2;9.7;37.2;17;12;5.8;3.3;7.6;6.3;6.7;2017
101;447.1;0.1;22.9;20.3;31.5;25.2;16.4;8;14.3;36.2;14.6;10.5;8.1;6.5;9.6;8.5;8.9;2017
102;348.8;0;28.9;21;19.8;30.3;16.5;8.4;13.1;35.1;15.8;11.2;8.7;8.2;7.6;9.6;10.4;2017
103;353.6;0.1;38.3;19.6;16;26;16.6;7.9;11.7;36.2;16.1;11.5;8.4;7.3;7.6;8.9;9.3;2017
104;375.7;0.2;31.7;28.3;18.8;21;16.3;6.9;10.5;36.4;17.5;12.4;6.1;3.3;7.5;6.4;6.8;2017
105;376.5;0.2;31.7;28.3;18.8;21;16.4;7;10.3;36.4;17.5;12.3;6.1;3.3;7.5;6.4;6.8;2017
106;663.2;0.1;12.4;23.1;40.6;23.7;15.6;7.3;16;36.2;14.7;10.2;7.1;5;9.4;7.7;8.2;2017
107;654.8;0.1;12.4;23.1;40.6;23.7;15.6;7.3;16;36.2;14.7;10.2;7.1;5;9.4;7.7;8.2;2017
108;324.6;0.7;28.1;31.4;16.9;22.9;17.5;7.5;11.7;36.8;15.9;10.6;5.4;2.6;6.5;5.7;5.9;2017
109;364.9;0.3;23.1;25.6;22.4;28.6;16.2;8.4;12.9;35.5;16.2;10.7;9.9;6.8;9.3;9.9;10;2017
110;352.9;0.6;29.1;27.5;17.7;25;16.4;7.1;10.6;36.9;17.2;11.7;7.4;3.6;8.4;7.8;8.1;2017
111;293.3;2.2;30;27.5;13.3;27.1;16.3;7.6;10.4;37.8;16.9;11;6.3;2.8;8.1;6.7;7;2017
112;314.9;4.9;24.3;24;16.7;30.1;16.9;8.5;11.7;36.6;16.2;10.1;6.3;3.1;6.8;6.4;6.5;2017
113;283.5;0.8;27.4;25.5;16.4;29.9;16;7.6;10.5;37.1;17.5;11.3;6.8;3.8;7.1;7.1;7.3;2017
114;333.2;0.6;29;24.3;17.6;28.5;15.8;7.7;11.7;35.8;17.3;11.8;8.4;4.4;8.8;8.7;9;2017
115;341;0.1;27.6;23.2;21.5;27.6;16.5;8.4;12.9;35.3;15.6;11.2;13.2;9.7;11.2;13.1;12.9;2017
116;342;0.1;27.6;23.2;21.5;27.6;16.5;8.4;12.9;35.3;15.6;11.2;13.2;9.7;11.2;13.1;12.9;2017
117;299.3;0.2;27.3;24.5;20.2;27.8;15.4;7.9;12.1;36.2;17.1;11.4;9.6;7.4;9.2;10;10.4;2017
118;371.8;0.1;25.3;22.8;25.7;26.1;15.4;7.6;12.2;35.3;17.1;12.4;9.1;5.2;8.9;9.4;9.8;2017
119;418.9;0.1;17;20.9;31.6;30.5;15.5;8.3;13.9;34.5;16.2;11.5;11.1;10.5;9.9;11.9;12.6;2017
120;413.3;0.1;17;20.9;31.6;30.5;15.5;8.3;13.9;34.5;16.2;11.5;11.1;10.5;9.9;11.9;12.6;2017
121;259.3;0.5;27.4;22.7;14;35.4;15.4;7.5;11.2;36.6;17.8;11.5;10.1;6.6;10.3;10.5;10.8;2017
122;259.9;0.5;27.4;22.7;14;35.4;15.6;7.6;10.8;37;17.3;11.8;10.1;6.6;10.3;10.5;10.8;2017
123;300.2;0.1;24.7;20.4;21.8;33;16.8;8.3;12.6;35.4;16.1;10.8;13.8;10.9;12.3;14.1;14.3;2017
124;357.7;1.1;36.4;24.2;13.5;24.7;19;8.9;11.7;36.1;14.5;9.6;4.3;2.2;4.9;4.4;4.5;2017
125;269.8;0.5;28.3;22.4;14.3;34.5;16.1;7.7;11.1;36.4;17.4;11.2;9;6.2;9.1;9.5;9.9;2017
126;378.4;1.2;40.8;21.8;13.2;23;18.4;8.7;11.6;36.7;14.8;9.8;3.8;1.4;4.9;3.9;4;2017
127;307;1.9;30.1;24.2;13.3;30.4;18;8.2;10.4;37.4;15.9;10.1;2.9;2;3.7;3.3;3.6;2017
128;344.5;1;33.2;26;13.8;26;18.3;8.4;11.2;37;14.9;10.3;4.6;2.9;4.9;4.8;4.9;2017
129;530.4;0.4;13;18.7;29.3;38.5;15;12.6;18.1;32.5;12.7;9.1;4.8;3.3;6.9;5.5;6.3;2017
130;321.1;1.3;41.1;19;14.1;24.4;18.1;8;10.9;36.4;15.8;10.8;5.4;3;5.8;5.7;5.8;2017
131;468.5;0.6;45.6;21;16.5;16.3;18.1;8.4;12;36.7;14.6;10.2;4.9;1.8;4.8;4.7;4.6;2017
132;449.1;0.2;22.6;22.9;20.3;34;16.9;9.2;14.5;33.9;14.5;11;8.2;6;8.4;8.6;9;2017
133;367.1;0.5;40.3;23;13;23.3;16.9;7.8;11.2;36;15.9;12.1;5.4;3;6.2;5.7;6;2017
134;398.5;0.5;34.7;19.7;14.9;30.2;17.7;8.1;11.2;35.5;15.8;11.7;4.8;3.2;5.1;5.3;5.8;2017
135;313.1;0.7;35.8;19.5;13;31;17.6;8.1;11;34.7;16.3;12.3;6.5;4.1;6.2;6.9;7.3;2017
136;307.3;0.9;35.3;20.6;11.6;31.7;17.6;8.4;11;35.1;16.1;11.7;5.3;3.1;5.9;5.9;6.4;2017
137;389;0.7;33;20.7;18.1;27.4;18.2;9.4;13.9;35.3;14.1;9.1;5.6;3.2;6.8;5.8;6;2017
138;353;0.1;30.6;23.4;15.4;30.5;16.3;7.8;11.5;35.4;16.9;12;8.9;8.4;8.6;9.4;9.9;2017
139;321.8;0.2;38.4;20.6;12.4;28.4;15;7.5;11.1;36.4;17.9;12.2;6;3;6.6;6.5;7;2017
140;352.2;0;18;22.7;21.7;37.6;14.3;8.9;14.4;34.2;16.6;11.7;8.7;8.6;10.1;9.9;10.9;2017
141;306.7;0;22.1;23.1;19.2;35.6;15.3;8.4;12.8;35.2;16.7;11.6;10.6;9;10.8;11.5;12.3;2017
142;382.6;0.1;18.4;23.1;26.8;31.6;15.9;8.9;14.2;34.7;15.6;10.7;10.8;10.9;10.8;11.5;12.1;2017
143;385.6;0.1;18.4;23.1;26.8;31.6;15.9;8.9;14.2;34.7;15.6;10.7;10.8;10.9;10.8;11.5;12.1;2017
144;311.7;0.3;28.3;29;15.6;26.8;16;7.7;10.7;36.6;17.6;11.5;7.8;4.2;8.5;8.2;8.6;2017
145;315.8;0.2;26.3;26.5;16.4;30.5;17.1;8.4;11.7;35.6;16.3;10.9;8.6;4.8;8.1;8.9;9.2;2017
146;360.9;1.4;38.6;20.5;13.2;26.4;17.3;8.2;11.3;36.4;15.9;10.9;5.7;3.2;6.6;6;6.3;2017
147;385.2;0.9;41.2;18.9;11.4;27.6;16.8;8;11;36.2;16.2;11.7;4.5;1.4;5.1;4.8;5;2017
148;405.1;0.3;42;19.6;14.1;24;16.2;9.2;12.6;34.7;16.3;11.1;5.3;3.4;6;5.4;5.5;2017
149;394.9;0.4;52.6;15.1;11.2;20.7;17.3;8;11.7;36.4;15.8;10.8;5.4;2.2;6.3;5.5;5.5;2017
150;379.8;0.3;50.8;15.7;11.4;21.9;16.5;8;11;36.3;16.7;11.4;6.6;3.1;7.6;6.7;6.8;2017
151;361.6;3.3;29.2;30;9.9;27.6;14.7;4.1;11.1;37.5;19.3;13.3;7.9;7.7;10.9;8.4;8.9;2017
152;470.6;0.1;15.9;21.7;33.2;29.2;15.2;7.7;19.4;31.4;15.1;11.2;7.3;9.2;9.4;8.3;9.1;2017
153;468;0.1;15.9;21.7;33.2;29.2;15.2;7.7;19.4;31.4;15.1;11.2;7.3;9.2;9.4;8.3;9.1;2017
154;291.7;2.3;32.3;24.7;10.5;30.2;15.1;4;10.4;37.3;20;13.2;5.8;5.2;7.9;6.6;7.3;2017
155;358.9;2.6;36;23.4;11.6;26.4;15.5;4.1;10.8;35.9;19.5;14.2;6.9;3.6;9.5;7.2;7.6;2017
156;360.2;1.8;35.2;19.9;14.1;29;15.2;3.9;10.6;36;19.9;14.4;6.4;4.3;8.9;6.9;7.3;2017
157;322.5;2.3;31.3;19.3;11.4;35.7;14.5;4.3;10.2;34.7;21;15.3;9.2;6.2;13.3;10.2;11.2;2017
158;311.2;2.2;35.6;20.2;9;33;15.9;4.1;10.9;35.3;19.9;13.9;5.7;4.6;8.3;6.4;7.1;2017
159;471.5;0.2;17.7;20.1;27.2;34.9;15.9;8;18.2;30.8;15.4;11.6;6.2;7.1;8.9;7.1;7.8;2017
160;451.2;0.4;19.9;20;25.5;34.1;16;7.4;17.1;31.8;15.9;11.9;6.3;6.5;8.9;7;7.7;2017
161;353.9;2.8;36.8;20.1;12.1;28.3;14.7;4.7;11.6;34.6;20.1;14.2;6;5.1;8.4;6.5;6.9;2017
162;465;0.2;22.6;19.8;26.8;30.7;14.3;6.3;14.8;30.7;20.1;13.9;7.5;7.9;9.2;8.2;8.8;2017
163;351.4;1.8;39.1;19.4;11.7;28;14.5;3.9;10.2;35;21.6;14.7;5.9;4.7;8;6.4;6.7;2017
164;323.8;1.8;42.8;18.2;8.3;28.9;14.9;4.2;10.4;34.4;21.9;14.1;5.7;4.5;7.5;6.2;6.6;2017
165;381.1;1.1;37.4;20;14.6;26.9;14;4.7;11.2;34.4;21.1;14.6;6.1;4.6;8.3;6.4;6.7;2017
166;345.4;1.6;36.4;19.7;12.3;30.1;13.8;4.2;10.5;34.7;21.7;15;6;5.2;8.4;6.7;7.3;2017
167;344.2;0.8;41;19.9;10;28.3;15.7;7.5;10.3;36.2;18;12.4;4;2.9;5.1;4.4;4.7;2017
168;465.6;0.2;26.3;21.3;20;32.3;15.2;8.9;14.2;34.1;16.5;11;6.6;6.8;6.9;7.3;7.9;2017
169;336.4;1.1;29.4;28.9;10.9;29.6;15.5;7.3;10.5;35.5;18.2;13;4.7;3.4;5.7;5.2;5.6;2017
170;315.7;0.9;34.9;23.6;10.8;29.8;15.9;7.6;10.9;36.6;17.2;11.9;4.4;3.1;5.5;4.8;5.2;2017
171;365.9;0.3;37;14.8;13.7;34.2;16.1;10.8;13.8;34.2;14.9;10.2;3.6;2.5;3.9;4;4.3;2017
172;360.6;0.2;40.1;19.1;13.9;26.6;16.4;8;11.3;36.2;16.8;11.3;5.5;3.4;6.6;5.6;5.7;2017
173;348;0.5;27;22.1;14.8;35.6;15.5;10.7;14.4;34;15.3;10.1;5;3.4;6.3;5.8;6.4;2017
174;393.3;0.5;31.7;24.1;17.3;26.3;16.9;8.4;11.7;35.7;15.8;11.5;3.2;2.2;4.3;3.4;3.6;2017
175;302.2;0.6;32.3;23.5;18.1;25.6;15.9;7.8;10.9;37;17.3;11.1;4.5;4.2;4.6;4.6;4.8;2017
176;368.7;0.3;21.6;23.4;29.2;25.6;17.4;7.1;10.2;37.5;16.9;11;3.7;2.5;4.3;4;4.3;2017
177;276.6;0.8;25.8;24.5;19.2;29.7;16.8;7.7;11.3;37.5;16.2;10.5;4.1;3.4;4.9;4.5;4.8;2017
178;261.6;0.8;27.8;23.6;16.7;31.2;16.6;7.5;10.6;37.2;17.3;10.8;4.6;2.6;5.1;4.8;5.1;2017
179;472.3;0.2;15.6;20;30.9;33.3;17.6;7.5;13.7;35.7;15.2;10.2;7.2;7.9;7.5;7.3;7.5;2017
180;314.9;0.4;34.4;23.4;18.2;23.6;17.1;7.5;12;36.8;16.6;9.9;4.7;4.7;4.4;4.7;4.7;2017
181;410.8;0.3;15.6;25.3;36.6;22.2;18;6.6;10.7;37.5;16;11.1;3.6;2.7;3.6;3.8;3.9;2017
182;773.3;0;10.6;26.7;43.8;18.7;16.4;7.6;18.4;37;12.9;7.7;5.8;6.6;7.3;6.2;6.5;2017
183;763.1;0;10.6;26.7;43.8;18.7;16.4;7.6;18.4;37;12.9;7.7;5.8;6.6;7.3;6.2;6.5;2017
184;359.2;0.4;33.6;27.8;19.3;18.8;17.6;7.9;13;36.6;15.4;9.5;5.9;4.7;5.5;5.8;5.7;2017
185;358.4;0.2;22.9;27.7;28.7;20.5;17.7;7.7;13.7;35.7;15.4;9.8;6.9;5;6.7;6.6;6.4;2017
186;428.9;0.4;26;19.6;25.9;28;16.4;9.1;14.7;35.2;15.2;9.4;5;4.6;6.1;5.2;5.5;2017
187;294.7;0.6;31;26.1;20.5;21.9;16.4;7.7;11.1;37.1;17.2;10.5;4.8;3.6;5.8;4.9;5;2017
188;269.8;1.1;32.3;25.9;15.4;25.2;16;7.5;11;37.3;17.3;10.9;3.7;0.6;4.5;3.8;3.8;2017
189;328.8;2.1;36.3;18.2;12.8;30.6;15.1;5;12;35.9;19.6;12.4;7;4.9;8.9;7.2;7.4;2017
190;369;2.1;38.2;18.3;13.3;28.1;15.1;4.8;11.8;36.6;18.9;12.7;6.6;6.3;8.8;6.8;7.1;2017
191;399.2;0;29.4;0;17.9;33.8;15.2;6.6;15;34.1;18.2;10.9;5.2;5.7;7.2;6;6.7;2017
192;352.3;1.6;40.3;21.4;12.3;24.4;14.6;5.3;12.4;35.8;19.6;12.3;5.9;6;7.8;6.2;6.5;2017
193;479.2;0;0;22.3;28.8;33.7;15.4;7.2;15.8;33.4;17.2;11;6;5.7;7.5;6.8;7.5;2017
194;322.9;1.9;31;21.6;14.3;31.1;13.4;4.2;10.6;35.3;21.6;14.8;7.8;8.2;9.7;8.6;9.2;2017
195;336.9;3.7;41;19;9.5;26.8;14.4;4.4;11.1;36.4;20.2;13.6;5.4;5.4;7.9;6.1;6.8;2017
196;352.8;0;0;0;12;28.9;13.6;4.7;11.6;36.4;20.4;13.3;4.3;4.8;5.7;4.7;5.1;2017
197;304.1;0.5;39.9;19.7;11.9;28;16.7;8;10.9;36.1;16.9;11.5;5.3;2.3;6.1;5.3;5.4;2017
198;285;0.9;31.8;25.2;12.2;29.8;15.8;7.6;10.8;36.5;17.4;11.9;3.6;2.1;4.6;4;4.3;2017
199;445;0.3;21.8;23.6;21.3;33;15.1;8.5;13.1;34.5;17;11.8;4.6;2.6;5;5;5.4;2017
200;337;1.2;34.3;24.3;11.3;28.8;15.7;7.4;10.7;36.4;17.7;12.2;4;1.9;5;4.1;4.3;2017
201;327.8;0.7;32;20.1;13.4;33.8;15.7;7.3;11;35.9;18;12.1;6.1;4.6;6.5;6.4;6.6;2017
202;311.6;1.3;39.3;22.1;9.3;28;16.4;7.9;11.3;36.4;16.6;11.4;3.6;1.9;4.5;3.9;4.2;2017
203;332.7;0.8;25.1;23.7;13;37.5;16.1;10;14.4;34.9;14.6;9.9;3.7;2.3;4.3;4.2;4.8;2017
204;311;0.5;39.6;21.4;14.2;24.3;16.8;7.7;11.2;37.3;16.5;10.6;3.5;1.4;4.1;3.6;3.8;2017
205;427.7;0.5;17.5;21.1;26.3;34.5;15.5;9.6;16;34.6;14.7;9.6;4.9;4.6;5.6;5.4;6;2017
206;284.1;2;30;25.7;15.9;26.4;17.3;7.8;11.4;37.7;16.4;9.5;5.1;4.3;4.9;5.2;5.3;2017
207;430.8;1.4;43.6;16;17.4;21.6;16.8;7.8;12.5;35.7;16;11.2;6.7;5.8;6.8;6.8;6.9;2017
208;300.7;2.4;23.2;23.8;17.6;33.1;15.8;7.2;10.8;36.9;17.7;11.6;4.3;3;5.1;4.7;5.1;2017
209;332.1;0;27.7;19.3;0;35.9;15.6;8.7;12.3;35.5;16.9;11;6.3;4.6;7.1;6.6;6.9;2017
210;279.9;0;31.7;23.6;0;32.7;15.1;7.5;11;35.7;17.9;12.8;6.1;4.7;7.1;6.6;7.1;2017
211;338.6;1.5;35.9;24;11.6;27;16.1;8.5;11.8;36.8;16.4;10.4;4.3;2.7;5.3;4.5;4.7;2017
212;382.5;0.9;46.9;18.3;10.4;23.5;17;8.1;11.7;36.4;16.2;10.5;3.5;2;4.6;3.9;4.3;2017
213;307.8;1.2;22;36.7;16.6;23.5;18.7;8.1;11.8;38.7;14.1;8.7;1.8;0.9;2.9;2;2.1;2017
214;393.7;0.6;28.2;38.8;14.6;17.9;17.7;8.8;13.7;37.8;13.8;8.3;2;1.5;3.1;2.2;2.3;2017
215;248.4;0.7;26.7;28.1;17.7;26.8;17.8;7.8;11.9;37.4;15.5;9.5;2.3;1.7;3.4;2.6;2.8;2017
216;508.6;0.3;47.7;15.4;18.8;17.8;17.6;8.3;14.5;36.1;14.2;9.4;2.4;1.9;3.1;2.5;2.5;2017
217;573.8;0.1;16;18.1;40.4;25.4;15.3;7.9;18.7;35.5;13.9;8.7;4.2;2.8;6.3;4.5;4.7;2017
218;575.3;0.1;16;18.1;40.4;25.4;15.3;7.9;18.7;35.5;13.9;8.7;4.2;2.8;6.3;4.5;4.7;2017
219;576.5;0.1;16;18.1;40.4;25.4;15.3;7.9;18.7;35.5;13.9;8.7;4.2;2.8;6.3;4.5;4.7;2017
220;574.4;0.1;16;18.1;40.4;25.4;15.3;7.9;18.7;35.5;13.9;8.7;4.2;2.8;6.3;4.5;4.7;2017
221;654.3;0.2;21.5;23.9;40.4;14;18.3;7.7;11.7;36.8;15.4;10.2;2.5;1;4;2.7;2.9;2017
222;364.5;0.6;30.3;24.1;14.7;30.3;17.2;8.2;12.1;36.1;16.4;10;2.7;1.7;4;3.1;3.5;2017
223;316.2;1.1;33.1;27.1;13.3;25.4;17;7.8;11.2;36.7;16.4;10.9;2.4;1.5;4.2;2.9;3.4;2017
224;323.5;0.7;30.1;22.4;20.4;26.4;17.9;7.6;10.6;36.9;16.5;10.6;2.6;1.7;4.2;2.9;3.3;2017
225;360;0.9;38.7;24.3;9.9;26.2;16.1;8.2;11.9;35;17.1;11.7;3.1;1.6;5.1;3.9;4.6;2017
226;339.4;0.7;35.1;23.7;10.4;30.1;16.7;8;11.1;35.7;17.2;11.5;2.7;1.6;4.3;3.3;3.8;2017
227;367.4;0.8;41.7;21;11.6;24.9;16.2;8.4;11.6;37.1;16.7;10;2.8;1.8;5.4;3.6;4.4;2017
228;360.4;0.9;37.6;19.2;16.8;25.5;17.2;8.4;12.5;37.3;15.2;9.3;2.9;2.2;4.2;3.2;3.5;2017
229;405.6;0.6;36.2;24;11.6;27.6;15.3;9;12.3;35.5;17.1;10.7;3.5;2.7;5.7;4.2;4.9;2017
230;411.6;1.5;51.1;18.4;12.3;16.7;16.7;8.4;12.2;36.6;15.8;10.2;2.7;1.9;4.3;3.1;3.5;2017
231;364;1.2;38.9;21.6;12.3;26;16.1;8;12;37.1;16.5;10.3;3.2;2.4;5.6;4.1;4.9;2017
232;367.9;0.4;43.7;19.1;11.8;25;16.6;8.3;11.8;37.1;15.7;10.5;2.6;1.7;4;3.1;3.5;2017
233;493;0.4;33.6;19.8;19.3;27;16.1;8.9;15;36.1;14.8;9.1;2.3;1.7;3.3;2.7;3.1;2017
234;383.7;0.8;46.3;19.6;12.6;20.7;16.1;8.1;11.9;37.1;16.2;10.5;2.5;1.9;4.8;3.5;4.3;2017
235;383;0.9;40.6;21;12.3;25.2;15.9;8.1;11.5;36.6;16.6;11.3;3.8;2.5;5.9;4.4;4.9;2017
236;404.6;0.5;37.4;20.9;14.9;26.4;16.3;8.7;13.9;36.5;15;9.8;3.1;2;4.5;3.4;3.7;2017
237;374.9;0.7;29.8;20.2;17.3;31.9;15;9.6;12.2;35.4;16.5;11.2;3.6;2.5;6;4.3;4.9;2017
238;443.1;0.5;44.5;16.6;18;20.4;14.9;7.4;11.2;36.7;17.3;12.5;3.5;2.2;5.1;3.7;3.9;2017
239;413.3;0.5;40.5;23.3;11.4;24.3;14.6;7.2;10.2;35.7;18.6;13.7;4;4.4;5.4;4.9;5.7;2017
240;341.6;0.6;41;24.1;10.4;24;15.8;7.5;10.7;37.7;16.9;11.3;3.3;2.3;5.1;3.6;3.7;2017
241;375.7;0.8;42.3;18.7;10.2;28;16.9;8.3;11.9;36.3;15.7;10.9;3.2;2;4.7;3.4;3.6;2017
242;577.3;0.2;39.7;13.3;22.7;24;16.7;8.8;14.3;35.4;15.2;9.6;2.8;2.3;4;3;3.2;2017
243;305.3;0.9;33.6;22.9;16.9;25.8;16.4;7.6;12.2;37.3;16.2;10.3;3.6;2.6;4.5;3.8;4;2017
244;590.9;0.4;20.7;23;32.8;23.1;15.4;8.6;15.7;34.5;15.2;10.6;6.1;5.7;7.3;6.3;6.5;2017
245;558.3;0.4;22;23;31.4;23.2;15.7;8.4;15.1;34.8;15.4;10.6;5.7;5.2;6.8;5.9;6.2;2017
246;309.1;0.4;40.5;22.9;10.5;25.6;16.5;7.6;10.9;37.5;16.8;10.7;2.4;1.4;3.6;2.6;2.8;2017
247;390.1;0.4;35;26.5;17.3;20.7;16;7.7;12.2;37.1;16.4;10.6;3.7;3.2;4.1;3.8;3.9;2017
248;340.2;0.8;42;18;9.3;29.9;16.3;7.7;11.1;36.4;16.9;11.6;3.1;1.6;4.8;3.3;3.5;2017
249;341.5;0.7;51.1;18.2;10.1;19.8;16.2;7.8;11;37.1;16.7;11.2;2.4;1.9;3.4;2.6;2.7;2017
250;426.3;0;42.3;21.9;0;24;16.2;8.1;12;35.8;16.4;11.4;3.4;2.1;4.1;3.6;3.7;2017
251;437;0.5;20.1;23;20.9;35.6;14.7;9.9;15;34;15.6;10.7;2.5;2.1;3.8;3;3.6;2017
252;480.3;0.1;25.8;19.9;22.3;31.9;15.2;9.3;16.2;34.1;15;10.3;5.3;4.4;6.6;5.4;5.5;2017
253;280.1;0.9;38.6;28.2;13.8;18.4;17.7;7.9;11.3;37.4;15.9;9.9;2.4;1.8;3.6;2.6;2.8;2017
254;395.1;1.3;45.8;20.8;12.2;19.9;17.6;8.3;11.9;36.8;15.3;9.9;2.2;1;3.3;2.2;2.1;2017
255;379.3;0.5;42.5;22.6;11.3;23.1;17.4;8.4;12.5;36.4;15.5;9.7;2.4;1;3.4;2.5;2.5;2017
256;395.2;0.9;34.5;27.5;15;22.1;16.4;8.1;11.8;35.5;17;11.3;2.8;1.5;4.5;3.1;3.3;2017
257;396.1;0;44.8;20.7;0;23.4;17.2;8.1;11.8;35.6;16.4;10.9;2.9;1.4;4.3;3;3.1;2017
258;649;0.1;20;15.2;37.6;27.1;15.3;8.7;18.6;34.5;13.4;9.5;4.6;2.3;5.6;5;5.2;2017
259;645.9;0.1;20;15.2;37.6;27.1;15.3;8.7;18.6;34.5;13.4;9.5;4.6;2.3;5.6;5;5.2;2017
260;463.5;0.2;41.7;17;25;16.2;17.8;7.6;12.8;36.3;15.2;10.2;3.1;1.3;3.9;3.1;3.2;2017
261;399.6;0.4;40.3;21.8;18.7;18.9;17.1;8;12.9;36.1;15.1;10.8;3.4;1.7;4.2;3.5;3.7;2017
262;403.9;0.4;40.4;21.5;19.1;18.7;17;8.1;12.3;36.7;15.7;10.2;3.3;1.6;4.2;3.5;3.7;2017
263;344.3;0.2;41.7;19.6;16.5;21.9;16.9;8;11.7;36;16.2;11.1;4;1.8;4.5;3.9;3.8;2017
264;345.7;0.5;39.5;20.5;16.2;23.3;17.1;7.9;11.8;36.5;15.8;10.9;3.2;1.4;4.1;3.4;3.7;2017
265;370.2;0.7;36.8;23.4;19.2;19.8;17.5;7.7;13.4;36.4;15;10.1;3.5;2;4.4;3.5;3.5;2017
266;378.3;0.7;40.6;21.8;18.3;18.5;17.5;7.8;12;37.3;15.6;9.8;3.5;1.7;4.4;3.5;3.5;2017
267;462.8;0.5;37.8;21.2;19.9;20.6;17.4;8.4;13.1;36.1;15;10;4.1;1.9;5;4.2;4.2;2017
268;445.8;0.7;46;22.3;13.2;17.7;17.7;8.4;12.6;36.3;15.2;9.8;3.1;1.4;4.5;3.1;3.1;2017
269;371.1;0.5;43.8;18.1;13.8;23.8;17.2;8.4;11.6;36.2;16;10.6;3.2;1.1;4.3;3.3;3.4;2017
270;389.7;0.4;46.8;17.1;13.4;22.4;17.6;8.4;12;35.4;15.6;11;4;1.4;5.2;4.1;4.1;2017
271;577.7;0.1;15.6;21.7;35;27.6;14.6;10.8;17.5;33.5;13.8;9.8;4.5;3;5.6;4.7;4.9;2017
272;342.5;0.4;36.3;20.8;23.1;19.4;16.5;7.6;11.2;36.9;16.8;11;3.1;1.7;4;3.3;3.4;2017
273;423.6;0.5;45.9;18.3;15.6;19.7;16;7.5;11.4;36.5;16.9;11.7;3.5;1.7;4.7;3.5;3.5;2017
274;440.2;0.2;21;17.6;25.5;35.7;15.1;10.4;16.1;33.7;14.8;9.9;3.8;2;5.3;4.3;4.8;2017
275;610.5;0.2;28.1;22.4;27.2;22.1;15.4;10;16.5;34.3;14.3;9.6;5.5;1.7;6.8;5.7;5.9;2017
276;361.8;0.6;44.6;17.3;10.5;27;16.4;8.1;11.3;36.2;16.7;11.2;3.5;1.8;4.9;3.6;3.7;2017
277;306.4;0.4;29.1;22.2;26.3;22;17.2;8;11.6;36.9;16.1;10.1;3.8;2.1;5.1;4.1;4.4;2017
278;327.9;0.4;33.5;21.4;24.3;20.4;16.7;7.6;12.3;37.2;16;10.2;3.4;1.8;4.5;3.6;3.8;2017
279;369;0.2;42.8;21.4;14.4;21.2;17.3;8.4;12.3;35.5;15.7;10.8;4.2;2;4.1;4.3;4.4;2017
280;334;0.4;40.7;23.1;10.3;25.5;17.5;8.3;11.4;36.4;15.8;10.7;3.4;1.3;4.6;3.4;3.5;2017
281;473.2;0.3;17.5;23.2;18.4;40.5;16.4;10.9;16.9;33.3;13.7;8.8;4.1;1.6;5.3;4.8;5.4;2017
282;335;0.8;38.2;25;12.7;23.3;17.5;7.9;11.8;36.3;15.7;10.7;2.9;1.2;3.7;3.3;3.7;2017
283;356.8;0.6;41.8;21;11.6;24.9;17.7;8;11.7;36.5;15.7;10.4;3.2;1;4;3.2;3.3;2017
284;412.4;0.5;39.3;22.9;12.7;24.6;17.1;8;11.8;36;16.2;11;3.6;1.1;4.4;3.5;3.4;2017
285;430.5;0.2;57.7;15.5;9.3;17.2;18.1;8.1;12;35.6;15.3;10.8;2.9;1.2;3.2;2.9;2.8;2017
286;407.4;0.2;43.6;19.5;12.8;23.9;16.8;8.2;12.2;34.7;16.3;11.8;3.3;1.8;4.1;3.4;3.5;2017
287;355.5;0.9;28;25.6;16.9;28.6;16.4;9.9;12.7;34.6;15.5;10.8;3.3;1.6;4.3;3.7;4.1;2017
288;317.1;0.7;37.1;26.6;10.7;24.8;17.8;8;11.5;35.5;16.3;11;2.7;1.3;3.7;3.4;4;2017
289;394.7;0.5;40;18.7;16.8;24;17.2;8.4;12.3;36.1;15.3;10.8;3.4;1.8;3.9;3.7;4;2017
290;350.3;0.2;30.7;18.1;13;37.9;17;10.8;14.5;34.6;14.1;9;2.7;1.3;3.5;3.1;3.5;2017
291;464.1;0.4;31.6;22.4;20.8;24.7;17.6;9.1;13.7;35.2;14.6;9.7;3.1;1.5;4.4;3.3;3.6;2017
292;414.5;0.7;52.5;16.2;10.7;19.8;18.9;8.5;12.3;36.3;14.6;9.5;2.4;1.2;3;2.6;2.7;2017
293;417;0.9;45.1;18.1;12.4;23.4;16.9;8;11.7;35.7;16.9;10.8;3.1;0.9;4;3.1;3.1;2017
294;404.5;0.7;36.3;19.7;14.7;28.7;17.8;8.8;12.5;35.7;15.3;9.8;2.6;0.9;3.4;3;3.4;2017
295;357.6;0.6;46.1;20.4;9.3;23.4;17.1;8.7;11.8;35.4;15.7;11.3;3.4;1;4.2;3.4;3.4;2017
296;459.7;0.1;24.7;19.7;25.6;29.8;14.4;8.5;13.7;34.4;17.5;11.5;8.5;6.2;8.3;9.4;10.2;2017
297;330.4;0.4;37.4;23.8;13.8;24.6;14.9;7.4;11.3;36.6;17.8;12;4.9;2.5;5.5;5.5;6;2017
298;317;0.3;35;20.5;14.4;29.9;14;7.2;10.8;36.9;18.4;12.6;5.6;4;5.9;6.1;6.5;2017
299;412.8;0.2;36.1;19.6;16.3;27.8;14.1;7.7;11.2;35.8;18.2;12.9;6.3;4.6;6.9;6.9;7.4;2017
